year,country,real_rate
1314,Italy,22.099135
1314,UK,13.430975
1315,Italy,32.937123
1315,UK,15.084854
1316,Italy,8.073571
1316,UK,-19.584499
1317,Italy,-36.483175
1317,UK,20.337247
1318,Italy,7.848968
1318,UK,47.622817
1319,Italy,23.121282
1319,UK,46.910665
1320,Italy,25.664318
1320,UK,9.506337
1321,Italy,18.441296
1321,UK,14.951518
1322,Italy,-67.82213
1322,UK,-12.853181
1323,Italy,-28.68873
1323,UK,35.905141
1324,Italy,28.195306
1324,UK,36.579034
1325,Italy,33.981728
1325,UK,14.259854
1326,Italy,16.423409
1326,UK,37.170619
1326,Germany,8.6767
1327,Italy,-2.100682
1327,UK,35.318543
1327,Germany,9.041947
1328,Italy,-4.255548
1328,UK,11.652008
1328,Germany,9.906775
1329,Italy,-25.490042
1329,UK,10.349542
1329,Germany,10.355496
1330,Italy,11.538647
1330,UK,25.442754
1330,Germany,10.872955
1331,Italy,33.29014
1331,UK,18.410163
1331,Germany,12.638101
1332,Italy,16.348493
1332,UK,26.267937
1332,Germany,7.949704
1333,Italy,-13.284613
1333,UK,47.831735
1333,Germany,9.493947
1334,Italy,0.843532
1334,UK,38.322271
1334,Germany,8.612456
1335,Italy,6.798094
1335,UK,35.6119
1335,Germany,3.506697
1336,Italy,8.010147
1336,UK,32.409943
1336,Germany,3.69965
1337,Italy,6.872387
1337,UK,45.556038
1337,Germany,3.657467
1338,Italy,7.235333
1338,UK,51.069955
1338,Germany,3.147372
1339,Italy,3.919469
1339,UK,27.55924
1339,Germany,-5.815244
1340,Italy,6.998586
1340,UK,-11.1461
1340,Germany,27.668532
1341,Italy,5.631156
1341,UK,33.878652
1341,Germany,30.768977
1342,Italy,9.954916
1342,UK,30.311505
1342,Germany,21.783042
1343,Italy,2.742198
1343,UK,37.202961
1343,Germany,6.50275
1344,Italy,3.579601
1344,UK,22.98755
1344,Germany,6.081114
1345,Italy,5.800381
1345,UK,46.351485
1345,Germany,5.655032
1346,Italy,5.475548
1346,UK,29.436529
1346,Germany,8.605641
1347,Italy,-1.999049
1347,UK,11.93693
1347,Germany,6.216313
1348,Italy,8.961027
1348,UK,34.622549
1348,Germany,6.076336
1349,Italy,-3.614833
1349,UK,54.748267
1349,Germany,8.927043
1350,Italy,-2.90228
1350,UK,14.622468
1350,Germany,9.050662
1351,Italy,-2.042397
1351,UK,14.999777
1351,Germany,8.16685
1352,Italy,6.106368
1352,UK,20.173768
1352,Germany,8.222646
1353,Italy,-3.842738
1353,UK,54.950663
1353,Germany,8.272263
1354,Italy,9.134279
1354,UK,39.086072
1354,Germany,8.369876
1355,Italy,10.787111
1355,UK,29.41961
1355,Germany,9.630533
1356,Italy,7.65506
1356,UK,28.644638
1356,Germany,9.738502
1357,Italy,9.942759
1357,UK,30.128002
1357,Germany,10.096389
1358,Italy,10.213536
1358,UK,32.363136
1358,Germany,7.448313
1359,Italy,8.849993
1359,UK,38.788277
1359,Germany,4.607825
1360,Italy,2.383998
1360,UK,32.391143
1360,Germany,5.147881
1361,Italy,18.467311
1361,UK,33.754284
1361,Germany,6.044246
1362,Italy,11.684601
1362,UK,37.399282
1362,Germany,8.273807
1363,Italy,1.85613
1363,UK,17.197926
1363,Germany,8.688536
1364,Italy,4.1326
1364,UK,25.973884
1364,Germany,8.752625
1365,Italy,12.309207
1365,UK,41.703462
1365,Germany,8.22935
1366,Italy,40.48083
1366,UK,41.045
1366,Germany,9.550439
1367,Italy,-17.612648
1367,UK,30.49113
1367,Germany,8.618397
1368,Italy,-6.92402
1368,UK,23.081978
1368,Germany,9.218942
1369,Italy,10.773111
1369,UK,32.493681
1369,Germany,9.692686
1370,Italy,-9.505852
1370,UK,-7.252632
1370,Germany,9.907432
1371,Italy,18.462302
1371,UK,58.210988
1371,Germany,10.636808
1372,Italy,41.362001
1372,UK,41.016457
1372,Germany,12.162445
1373,Italy,13.920423
1373,UK,22.277917
1373,Germany,12.818151
1374,Italy,-66.625663
1374,UK,44.219277
1374,Germany,10.74253
1375,Italy,-26.812857
1375,UK,13.513882
1375,Germany,10.004419
1376,Italy,53.307052
1376,UK,33.240133
1376,Germany,10.936789
1377,Italy,21.252188
1377,UK,53.389353
1377,Germany,15.992925
1378,Italy,8.398563
1378,UK,37.622101
1378,Germany,15.659743
1379,Italy,23.438184
1379,UK,35.891523
1379,Germany,16.364561
1380,Italy,20.400505
1380,UK,11.16801
1380,Germany,14.80992
1381,Italy,-25.673938
1381,UK,29.764346
1381,Germany,15.650657
1382,Italy,11.896228
1382,UK,38.988202
1382,Germany,14.960973
1383,Italy,-5.282722
1383,UK,32.052596
1383,Germany,14.361384
1384,Italy,3.142139
1384,UK,30.081967
1384,Germany,13.714651
1385,Italy,7.53944
1385,UK,34.737928
1385,Germany,13.871379
1386,Italy,6.303284
1386,UK,24.753938
1386,Germany,7.643231
1387,Italy,38.668894
1387,UK,37.356925
1387,Germany,8.337055
1387,France,20.626025
1388,Italy,-20.687256
1388,UK,37.70178
1388,Germany,10.166589
1388,France,11.463811
1389,Italy,-33.380098
1389,UK,37.107746
1389,Germany,7.980409
1389,France,20.160134
1390,Italy,27.988503
1390,UK,2.718175
1390,Germany,9.647853
1390,France,17.763169
1391,Italy,10.492169
1391,UK,12.96162
1391,Germany,6.836823
1391,France,16.429561
1392,Italy,20.750972
1392,UK,49.000417
1392,Germany,7.301944
1392,France,16.273121
1393,Italy,18.560277
1393,UK,43.41325
1393,Germany,6.416276
1393,France,19.434006
1394,Italy,34.647894
1394,UK,26.78931
1394,Germany,9.325671
1394,France,6.691092
1395,Italy,-19.428482
1395,UK,26.72495
1395,Germany,8.982353
1395,France,29.604079
1396,Italy,4.462196
1396,UK,28.996335
1396,Germany,8.432918
1396,France,17.331259
1397,Italy,-19.794077
1397,UK,12.145327
1397,Germany,9.593037
1397,France,20.146985
1398,Italy,20.030542
1398,UK,31.6865
1398,Germany,8.568213
1398,France,17.956898
1399,Italy,0.540513
1399,UK,34.100651
1399,Germany,10.099779
1399,France,19.721338
1400,Italy,32.164652
1400,UK,26.620637
1400,Netherlands,17.272677
1400,Germany,12.126058
1400,France,15.454673
1400,Spain,4
1401,Italy,-14.079825
1401,UK,22.274966
1401,Netherlands,18.851115
1401,Germany,12.57008
1401,France,17.189135
1401,Spain,4
1402,Italy,8.481337
1402,UK,16.637083
1402,Netherlands,17.990159
1402,Germany,9.660795
1402,France,21.495966
1402,Spain,4
1403,Italy,16.664224
1403,UK,40.768617
1403,Netherlands,16.199305
1403,Germany,12.588379
1403,France,14.259024
1403,Spain,4
1404,Italy,8.510942
1404,UK,40.42338
1404,Netherlands,16.077074
1404,Germany,13.403358
1404,France,16.016684
1404,Spain,4
1405,Italy,-10.354491
1405,UK,30.575364
1405,Netherlands,27.014127
1405,Germany,13.377567
1405,France,22.858158
1405,Spain,4
1406,Italy,11.116513
1406,UK,35.382886
1406,Netherlands,16.944982
1406,Germany,10.586516
1406,France,19.319032
1406,Spain,4
1407,Italy,15.549778
1407,UK,21.261585
1407,Netherlands,13.011185
1407,Germany,11.74522
1407,France,17.018494
1407,Spain,4
1408,Italy,-18.38791
1408,UK,19.061899
1408,Netherlands,15.573481
1408,Germany,10.469837
1408,France,16.022265
1408,Spain,4
1409,Italy,8.752916
1409,UK,20.230475
1409,Netherlands,17.075641
1409,Germany,12.379492
1409,France,19.694526
1409,Spain,4
1410,Italy,19.910578
1410,UK,19.670439
1410,Netherlands,21.392609
1410,Germany,12.798324
1410,France,19.40166
1410,Spain,4
1411,Italy,-4.317787
1411,UK,42.073039
1411,Netherlands,12.931931
1411,Germany,10.896499
1411,France,19.053807
1411,Spain,4
1412,Italy,27.091241
1412,UK,35.629033
1412,Netherlands,12.854204
1412,Germany,9.712049
1412,France,18.168299
1412,Spain,4
1413,Italy,31.04277
1413,UK,27.509494
1413,Netherlands,15.357099
1413,Germany,9.279888
1413,France,17.925383
1413,Spain,4
1414,Italy,-16.902053
1414,UK,30.901734
1414,Netherlands,14.697299
1414,Germany,8.848029
1414,France,17.97864
1414,Spain,14.626677
1415,Italy,-1.632255
1415,UK,26.650408
1415,Netherlands,13.395922
1415,Germany,8.42741
1415,France,16.756543
1415,Spain,7.41552
1416,Italy,-24.995689
1416,UK,15.354008
1416,Netherlands,15.915872
1416,Germany,8.840402
1416,France,18.767561
1416,Spain,5.234224
1417,Italy,16.384462
1417,UK,18.717116
1417,Netherlands,29.037161
1417,Germany,9.253658
1417,France,11.445525
1417,Spain,7.718157
1418,Italy,24.344986
1418,UK,40.628003
1418,Netherlands,17.274009
1418,Germany,9.227664
1418,France,25.345057
1418,Spain,2.350965
1419,Italy,-10.126888
1419,UK,22.10786
1419,Netherlands,23.44025
1419,Germany,9.771953
1419,France,20.617699
1419,Spain,6.57663
1420,Italy,-31.304513
1420,UK,38.813128
1420,Netherlands,11.226639
1420,Germany,9.902069
1420,France,14.76552
1420,Spain,0.654092
1421,Italy,24.628415
1421,UK,19.28276
1421,Netherlands,15.026234
1421,Germany,8.261575
1421,France,15.11573
1421,Spain,-1.383177
1422,Italy,39.276576
1422,UK,32.042331
1422,Netherlands,15.884217
1422,Germany,5.997459
1422,France,19.292985
1422,Spain,7.69727
1423,Italy,-6.220063
1423,UK,34.478354
1423,Netherlands,17.218009
1423,Germany,7.58812
1423,France,16.639656
1423,Spain,11.361169
1424,Italy,30.317911
1424,UK,26.099035
1424,Netherlands,17.315297
1424,Germany,6.207494
1424,France,18.194886
1424,Spain,4.277704
1425,Italy,-7.730788
1425,UK,19.02456
1425,Netherlands,18.114265
1425,Germany,8.86449
1425,France,16.950735
1425,Spain,3.088854
1426,Italy,2.191588
1426,UK,30.73313
1426,Netherlands,13.990511
1426,Germany,9.762875
1426,France,24.575054
1426,Spain,1.776534
1427,Italy,12.491661
1427,UK,31.041366
1427,Netherlands,15.462345
1427,Germany,6.731275
1427,France,22.682153
1427,Spain,2.053505
1428,Italy,23.644687
1428,UK,24.986709
1428,Netherlands,14.147266
1428,Germany,3.828845
1428,France,13.253072
1428,Spain,12.97665
1429,Italy,11.143509
1429,UK,1.5537
1429,Netherlands,23.839208
1429,Germany,6.828833
1429,France,2.797672
1429,Spain,12.033535
1430,Italy,-10.040789
1430,UK,27.063771
1430,Netherlands,11.564232
1430,Germany,4.706697
1430,France,19.569541
1430,Spain,-7.494307
1431,Italy,-44.245251
1431,UK,37.054262
1431,Netherlands,19.471752
1431,Germany,5.077357
1431,France,21.95494
1431,Spain,8.455457
1432,Italy,-2.666652
1432,UK,37.523027
1432,Netherlands,7.003332
1432,Germany,-7.010782
1432,France,19.835828
1432,Spain,-0.154856
1433,Italy,43.514336
1433,UK,4.747593
1433,Netherlands,8.851821
1433,Germany,-2.65271
1433,France,16.053668
1433,Spain,11.642847
1434,Italy,14.231269
1434,UK,35.395467
1434,Netherlands,25.975772
1434,Germany,11.427572
1434,France,54.895628
1434,Spain,10.491387
1435,Italy,-2.337054
1435,UK,30.618601
1435,Netherlands,22.758732
1435,Germany,16.271659
1435,France,23.691201
1435,Spain,-10.482166
1436,Italy,-20.416453
1436,UK,18.965862
1436,Netherlands,6.962108
1436,Germany,3.079579
1436,France,6.57157
1436,Spain,11.810264
1437,Italy,32.437946
1437,UK,27.904272
1437,Netherlands,-22.612328
1437,Germany,-11.25013
1437,France,-21.728862
1437,Spain,10.115903
1438,Italy,21.362033
1438,UK,-5.265395
1438,Netherlands,21.839299
1438,Germany,23.330925
1438,France,-7.810657
1438,Spain,5.387965
1439,Italy,-17.771062
1439,UK,20.418323
1439,Netherlands,30.246441
1439,Germany,18.489769
1439,France,32.808045
1439,Spain,3.025677
1440,Italy,5.837578
1440,UK,42.15452
1440,Netherlands,12.050161
1440,Germany,7.673336
1440,France,48.333504
1440,Spain,9.514493
1441,Italy,7.5624
1441,UK,49.692714
1441,Netherlands,8.156532
1441,Germany,5.306649
1441,France,14.673223
1441,Spain,13.027668
1442,Italy,14.789422
1442,UK,21.361385
1442,Netherlands,5.794933
1442,Germany,-2.508103
1442,France,15.172221
1442,Spain,-2.912861
1443,Italy,66.005019
1443,UK,23.473217
1443,Netherlands,25.996285
1443,Germany,1.803252
1443,France,12.742536
1443,Spain,11.004932
1444,Italy,-4.590382
1444,UK,26.272995
1444,Netherlands,14.602571
1444,Germany,11.016602
1444,France,25.117177
1444,Spain,8.657416
1445,Italy,28.351474
1445,UK,29.72981
1445,Netherlands,-3.648023
1445,Germany,3.874302
1445,France,18.806548
1445,Spain,3.257809
1446,Italy,22.014843
1446,UK,9.691434
1446,Netherlands,7.860073
1446,Germany,17.594338
1446,France,10.034375
1446,Spain,2.63465
1447,Italy,-14.157549
1447,UK,21.190385
1447,Netherlands,24.685672
1447,Germany,12.933606
1447,France,13.289262
1447,Spain,11.039792
1448,Italy,10.282193
1448,UK,32.580275
1448,Netherlands,11.60383
1448,Germany,19.094295
1448,France,35.423623
1448,Spain,16.03449
1449,Italy,19.07311
1449,UK,20.653297
1449,Netherlands,9.063688
1449,Germany,4.753853
1449,France,7.368012
1449,Spain,-6.796722
1450,Italy,20.247381
1450,UK,26.72474
1450,Netherlands,14.28719
1450,Germany,14.416391
1450,France,13.315443
1450,Spain,13.204401
1451,Italy,5.356707
1451,UK,20.499242
1451,Netherlands,4.907184
1451,Germany,9.032153
1451,France,12.89576
1451,Spain,7.880769
1452,Italy,8.407504
1452,UK,22.568633
1452,Netherlands,8.38051
1452,Germany,6.054217
1452,France,22.787074
1452,Spain,3.809948
1453,Italy,15.535321
1453,UK,26.740535
1453,Netherlands,13.02417
1453,Germany,5.30637
1453,France,16.49307
1453,Spain,8.157882
1454,Italy,22.775212
1454,UK,28.090736
1454,Netherlands,-1.399042
1454,Germany,13.82299
1454,France,16.376291
1454,Spain,11.428082
1455,Italy,8.610078
1455,UK,29.483883
1455,Netherlands,-53.853121
1455,Germany,13.174145
1455,France,0.654828
1455,Spain,1.626461
1456,Italy,-21.4917
1456,UK,18.030838
1456,Netherlands,32.815619
1456,Germany,2.584867
1456,France,7.055873
1456,Spain,0.189127
1457,Italy,22.450562
1457,UK,22.301471
1457,Netherlands,21.708361
1457,Germany,11.997122
1457,France,18.464558
1457,Spain,7.979458
1458,Italy,42.503251
1458,UK,17.326303
1458,Netherlands,10.563794
1458,Germany,6.349118
1458,France,30.530685
1458,Spain,12.84645
1459,Italy,38.778722
1459,UK,24.942546
1459,Netherlands,7.26067
1459,Germany,10.583292
1459,France,7.15327
1459,Spain,1.964449
1460,Italy,18.233973
1460,UK,24.597159
1460,Netherlands,11.937148
1460,Germany,12.912898
1460,France,16.147302
1460,Spain,7.27245
1461,Italy,12.97002
1461,UK,10.943895
1461,Netherlands,16.354535
1461,Germany,6.551662
1461,France,17.534058
1461,Spain,9.980457
1462,Italy,9.338443
1462,UK,22.724727
1462,Netherlands,13.172175
1462,Germany,12.898222
1462,France,17.112135
1462,Spain,0.606877
1463,Italy,-23.463722
1463,UK,43.545113
1463,Netherlands,21.22667
1463,Germany,14.274653
1463,France,23.619144
1463,Spain,4.518202
1464,Italy,-13.671416
1464,UK,29.971562
1464,Netherlands,3.533096
1464,Germany,10.174026
1464,France,18.74507
1464,Spain,5.841999
1465,Italy,5.689731
1465,UK,12.366181
1465,Netherlands,-5.109316
1465,Germany,9.094026
1465,France,11.555583
1465,Spain,12.765938
1466,Italy,32.617547
1466,UK,20.662124
1466,Netherlands,17.589726
1466,Germany,6.900841
1466,France,8.745772
1466,Spain,11.908368
1467,Italy,22.747741
1467,UK,17.647202
1467,Netherlands,-1.204185
1467,Germany,3.805084
1467,France,11.672114
1467,Spain,-3.840001
1468,Italy,18.797943
1468,UK,18.130268
1468,Netherlands,-7.961484
1468,Germany,1.335723
1468,France,18.276301
1468,Spain,6.458213
1469,Italy,19.981559
1469,UK,24.127578
1469,Netherlands,20.466826
1469,Germany,0.192866
1469,France,7.734718
1469,Spain,4.828234
1470,Italy,27.937224
1470,UK,19.826407
1470,Netherlands,6.298344
1470,Germany,15.865276
1470,France,21.600934
1470,Spain,5.817705
1471,Italy,16.478991
1471,UK,21.936946
1471,Netherlands,25.181265
1471,Germany,12.611452
1471,France,7.409568
1471,Spain,9.933961
1472,Italy,14.788151
1472,UK,25.616886
1472,Netherlands,2.430363
1472,Germany,8.675076
1472,France,18.546798
1472,Spain,8.868237
1473,Italy,-12.337581
1473,UK,31.662077
1473,Netherlands,-2.695076
1473,Germany,1.538237
1473,France,7.622489
1473,Spain,-6.537587
1474,Italy,-5.926998
1474,UK,22.354599
1474,Netherlands,-1.349393
1474,Germany,15.643548
1474,France,12.645425
1474,Spain,-3.038979
1475,Italy,22.871137
1475,UK,21.513245
1475,Netherlands,18.080267
1475,Germany,10.896801
1475,France,14.612943
1475,Spain,20.996647
1476,Italy,28.009805
1476,UK,16.347256
1476,Netherlands,12.659913
1476,Germany,0.699017
1476,France,14.2945
1476,Spain,12.95789
1477,Italy,8.170076
1477,UK,20.749144
1477,Netherlands,-5.827555
1477,Germany,3.782597
1477,France,7.195487
1477,Spain,6.287828
1478,Italy,30.798553
1478,UK,13.781839
1478,Netherlands,-5.049501
1478,Germany,9.498996
1478,France,12.495457
1478,Spain,-2.19484
1479,Italy,33.565669
1479,UK,20.803312
1479,Netherlands,16.715927
1479,Germany,2.76258
1479,France,23.149545
1479,Spain,4.973025
1480,Italy,20.281727
1480,UK,28.654198
1480,Netherlands,1.260788
1480,Germany,11.271312
1480,France,19.31447
1480,Spain,13.080404
1481,Italy,3.904539
1481,UK,20.366844
1481,Netherlands,-56.875877
1481,Germany,0.428256
1481,France,-14.475673
1481,Spain,12.084363
1482,Italy,-7.379457
1482,UK,7.596804
1482,Netherlands,14.456092
1482,Germany,-9.603364
1482,France,-0.647589
1482,Spain,-0.177247
1483,Italy,-45.735281
1483,UK,9.139438
1483,Netherlands,34.895231
1483,Germany,18.064191
1483,France,32.507985
1483,Spain,3.301166
1484,Italy,-1.593409
1484,UK,32.043834
1484,Netherlands,21.678133
1484,Germany,10.838329
1484,France,25.895658
1484,Spain,2.026148
1485,Italy,46.282382
1485,UK,33.124227
1485,Netherlands,5.18997
1485,Germany,3.272459
1485,France,13.358084
1485,Spain,1.861963
1486,Italy,11.039472
1486,UK,21.498049
1486,Netherlands,-12.444865
1486,Germany,1.741709
1486,France,0.269067
1486,Spain,10.40825
1487,Italy,-6.21558
1487,UK,16.473267
1487,Netherlands,13.768564
1487,Germany,8.375907
1487,France,11.961569
1487,Spain,7.335932
1488,Italy,11.612016
1488,UK,23.31737
1488,Netherlands,-9.067279
1488,Germany,5.955218
1488,France,15.285251
1488,Spain,7.550979
1489,Italy,8.866392
1489,UK,18.589669
1489,Netherlands,1.946234
1489,Germany,-5.56874
1489,France,16.402373
1489,Spain,1.024599
1490,Italy,24.011161
1490,UK,21.790536
1490,Netherlands,36.476785
1490,Germany,-4.914451
1490,France,6.670165
1490,Spain,5.388762
1491,Italy,9.511415
1491,UK,14.335741
1491,Netherlands,9.191925
1491,Germany,-0.491075
1491,France,2.295805
1491,Spain,3.070198
1492,Italy,24.634526
1492,UK,23.278294
1492,Netherlands,13.723529
1492,Germany,15.487398
1492,France,7.243222
1492,Spain,15.888899
1493,Italy,12.700732
1493,UK,27.801886
1493,Netherlands,10.54392
1493,Germany,9.329371
1493,France,25.742837
1493,Spain,1.431519
1494,Italy,-26.141269
1494,UK,20.213175
1494,Netherlands,26.216731
1494,Germany,7.651954
1494,France,19.24047
1494,Spain,1.277054
1495,Italy,-3.761784
1495,UK,22.535291
1495,Netherlands,15.502188
1495,Germany,10.314182
1495,France,11.674382
1495,Spain,5.344449
1496,Italy,-23.060198
1496,UK,28.223668
1496,Netherlands,10.911564
1496,Germany,1.472318
1496,France,14.523023
1496,Spain,2.232576
1497,Italy,-46.739525
1497,UK,-1.302888
1497,Netherlands,-5.626312
1497,Germany,-5.238657
1497,France,11.243576
1497,Spain,5.343554
1498,Italy,50.264492
1498,UK,26.264798
1498,Netherlands,-0.69769
1498,Germany,8.233464
1498,France,18.308216
1498,Spain,5.993612
1499,Italy,28.960996
1499,UK,17.512996
1499,Netherlands,28.707721
1499,Germany,11.862285
1499,France,13.336571
1499,Spain,9.967807
1500,Italy,13.132811
1500,UK,25.397451
1500,Netherlands,-2.323071
1500,Germany,-12.59499
1500,France,3.848476
1500,Spain,7.66807
1501,Italy,-28.510059
1501,UK,1.405538
1501,Netherlands,-8.50738
1501,Germany,-7.235298
1501,France,-7.20875
1501,Spain,3.019373
1502,Italy,4.14632
1502,UK,15.447564
1502,Netherlands,8.754069
1502,Germany,1.865136
1502,France,5.703262
1502,Spain,-11.280315
1503,Italy,-11.889394
1503,UK,26.086331
1503,Netherlands,9.06118
1503,Germany,15.767168
1503,France,31.553119
1503,Spain,-2.310359
1504,Italy,21.624599
1504,UK,17.10326
1504,Netherlands,-0.516987
1504,Germany,8.547536
1504,France,-0.587033
1504,Spain,19.20577
1505,Italy,-30.410592
1505,UK,26.620036
1505,Netherlands,10.861522
1505,Germany,15.22123
1505,France,10.389795
1505,Spain,7.100981
1506,Italy,76.483407
1506,UK,22.071952
1506,Netherlands,13.437363
1506,Germany,6.08204
1506,France,6.077036
1506,Spain,3.159005
1507,Italy,-11.228974
1507,UK,14.928761
1507,Netherlands,12.924666
1507,Germany,3.391962
1507,France,4.124295
1507,Spain,13.101719
1508,Italy,-1.693674
1508,UK,19.242638
1508,Netherlands,1.853626
1508,Germany,5.002263
1508,France,19.033401
1508,Spain,6.874921
1509,Italy,14.691498
1509,UK,34.692693
1509,Netherlands,12.009937
1509,Germany,7.481567
1509,France,21.196622
1509,Spain,18.22976
1510,Italy,17.666219
1510,UK,14.703794
1510,Netherlands,8.268813
1510,Germany,6.470261
1510,France,12.908173
1510,Spain,9.094466
1511,Italy,-16.11079
1511,UK,15.587681
1511,Netherlands,4.39401
1511,Germany,-0.585317
1511,France,5.607681
1511,Spain,7.408239
1512,Italy,-9.452772
1512,UK,4.758002
1512,Netherlands,2.683494
1512,Germany,7.412783
1512,France,0.858005
1512,Spain,10.023083
1513,Italy,23.904013
1513,UK,0.266759
1513,Netherlands,4.839977
1513,Germany,6.838607
1513,France,7.592094
1513,Spain,2.205023
1514,Italy,-8.98988
1514,UK,31.581294
1514,Netherlands,-10.579244
1514,Germany,6.560856
1514,France,16.207208
1514,Spain,5.261495
1515,Italy,3.751376
1515,UK,18.00116
1515,Netherlands,19.545486
1515,Germany,1.212329
1515,France,2.196874
1515,Spain,13.21455
1516,Italy,-1.932447
1516,UK,10.24077
1516,Netherlands,27.899325
1516,Germany,-0.183775
1516,France,11.454902
1516,Spain,4.014513
1517,Italy,1.80993
1517,UK,30.751457
1517,Netherlands,2.366575
1517,Germany,2.840243
1517,France,8.252093
1517,Spain,12.4309
1518,Italy,30.058093
1518,UK,6.109524
1518,Netherlands,23.50596
1518,Germany,21.085531
1518,France,10.04114
1518,Spain,6.169811
1519,Italy,5.414811
1519,UK,17.453013
1519,Netherlands,14.546538
1519,Germany,9.287814
1519,France,15.876212
1519,Spain,7.288705
1520,Italy,-13.58894
1520,UK,4.229168
1520,Netherlands,-19.858401
1520,Germany,3.069115
1520,France,6.086063
1520,Spain,12.406064
1521,Italy,0.041129
1521,UK,10.745645
1521,Netherlands,-13.061132
1521,Germany,13.787588
1521,France,-11.615631
1521,Spain,-17.704255
1522,Italy,-7.491635
1522,UK,27.940669
1522,Netherlands,9.107381
1522,Germany,12.418948
1522,France,1.858907
1522,Spain,-15.833992
1523,Italy,-0.208075
1523,UK,17.752404
1523,Netherlands,24.000935
1523,Germany,7.302951
1523,France,38.489011
1523,Spain,34.173426
1524,Italy,10.093201
1524,UK,20.799967
1524,Netherlands,3.655012
1524,Germany,9.193161
1524,France,-15.310051
1524,Spain,9.48733
1525,Italy,18.656454
1525,UK,26.06049
1525,Netherlands,34.670325
1525,Germany,14.041444
1525,France,6.702134
1525,Spain,14.45844
1526,Italy,-6.714061
1526,UK,18.9049
1526,Netherlands,15.946603
1526,Germany,12.802693
1526,France,32.777831
1526,Spain,8.97377
1527,Italy,-22.652922
1527,UK,4.012129
1527,Netherlands,-3.326125
1527,Germany,6.960536
1527,France,3.914674
1527,Spain,2.609202
1528,Italy,-24.980134
1528,UK,-23.474459
1528,Netherlands,4.237154
1528,Germany,7.598808
1528,France,1.696971
1528,Spain,17.195101
1529,Italy,9.361057
1529,UK,36.043756
1529,Netherlands,17.487939
1529,Germany,-5.769961
1529,France,-7.196135
1529,Spain,-6.453804
1530,Italy,-35.824035
1530,UK,16.514095
1530,Netherlands,10.012752
1530,Germany,0.907305
1530,France,15.494481
1530,Spain,10.489528
1531,Italy,22.445271
1531,UK,14.830015
1531,Netherlands,5.982942
1531,Germany,17.085905
1531,France,-8.282928
1531,Spain,15.037115
1532,Italy,25.268098
1532,UK,8.293759
1532,Netherlands,32.281825
1532,Germany,12.32618
1532,France,14.762502
1532,Spain,15.761337
1533,Italy,1.42987
1533,UK,11.697972
1533,Netherlands,10.86782
1533,Germany,4.534784
1533,France,28.752653
1533,Spain,12.6398
1534,Italy,23.986527
1534,UK,21.817939
1534,Netherlands,18.701613
1534,Germany,10.746566
1534,France,11.095482
1534,Spain,11.157934
1535,Italy,32.20924
1535,UK,-3.122103
1535,Netherlands,-16.315957
1535,Germany,26.688502
1535,France,13.092851
1535,Spain,15.927988
1536,Italy,-2.54077
1536,UK,6.086587
1536,Netherlands,24.250006
1536,Germany,9.558447
1536,France,-5.087416
1536,Spain,8.799219
1537,Italy,12.550754
1537,UK,8.725417
1537,Netherlands,29.674516
1537,Germany,6.852838
1537,France,13.767398
1537,Spain,14.867759
1538,Italy,-3.083599
1538,UK,22.188475
1538,Netherlands,-1.087428
1538,Germany,-5.977884
1538,France,12.203558
1538,Spain,4.420927
1539,Italy,-46.980276
1539,UK,14.319098
1539,Netherlands,-4.06835
1539,Germany,6.552445
1539,France,-1.535816
1539,Spain,-2.976897
1540,Italy,-27.063029
1540,UK,5.077215
1540,Netherlands,17.788868
1540,Germany,-7.430974
1540,France,20.707755
1540,Spain,-3.104016
1541,Italy,32.491539
1541,UK,1.190541
1541,Netherlands,20.793182
1541,Germany,24.38451
1541,France,19.262594
1541,Spain,21.509655
1542,Italy,31.240646
1542,UK,13.182539
1542,Netherlands,-5.857279
1542,Germany,3.442616
1542,France,12.673789
1542,Spain,-2.39509
1543,Italy,0.546611
1543,UK,1.853546
1543,Netherlands,9.075066
1543,Germany,-4.227751
1543,France,3.367726
1543,Spain,15.347586
1544,Italy,16.155875
1544,UK,3.163211
1544,Netherlands,-28.018083
1544,Germany,7.42173
1544,France,2.905361
1544,Spain,9.721782
1545,Italy,2.497572
1545,UK,-3.60294
1545,Netherlands,5.691493
1545,Germany,4.57776
1545,France,4.704249
1545,Spain,-5.948016
1546,Italy,12.417771
1546,UK,2.019324
1546,Netherlands,21.927815
1546,Germany,11.388921
1546,France,-4.199534
1546,Spain,-4.290738
1547,Italy,-19.137394
1547,UK,39.949412
1547,Netherlands,29.259023
1547,Germany,11.213705
1547,France,44.897251
1547,Spain,22.620815
1548,Italy,5.278996
1548,UK,15.463414
1548,Netherlands,8.94476
1548,Germany,6.084387
1548,France,10.498621
1548,Spain,9.868499
1549,Italy,-4.643348
1549,UK,-11.064829
1549,Netherlands,6.252649
1549,Germany,-1.028091
1549,France,0.732804
1549,Spain,0.885691
1550,Italy,11.461707
1550,UK,-13.05407
1550,Netherlands,-12.388222
1550,Germany,-2.147583
1550,France,-2.885901
1550,Spain,7.147699
1551,Italy,0.691649
1551,UK,3.499519
1551,Netherlands,2.977612
1551,Germany,-1.960362
1551,France,14.57158
1551,Spain,-0.560847
1552,Italy,18.148571
1552,UK,25.290439
1552,Netherlands,8.232031
1552,Germany,12.345478
1552,France,2.984577
1552,Spain,1.918945
1553,Italy,5.493459
1553,UK,23.654288
1553,Netherlands,20.279142
1553,Germany,15.759335
1553,France,21.423803
1553,Spain,4.932265
1554,Italy,-39.323854
1554,UK,13.528401
1554,Netherlands,9.177696
1554,Germany,10.370375
1554,France,19.768151
1554,Spain,9.95449
1555,Italy,-20.265472
1555,UK,-9.502966
1555,Netherlands,-1.925433
1555,Germany,5.62731
1555,France,13.752895
1555,Spain,4.731559
1556,Italy,13.221574
1556,UK,-11.662658
1556,Netherlands,-4.365744
1556,Germany,2.649151
1556,France,0.561156
1556,Spain,14.591003
1557,Italy,27.045215
1557,UK,3.035262
1557,Netherlands,18.544452
1557,Germany,10.667641
1557,France,4.920631
1557,Spain,-11.638467
1558,Italy,9.665556
1558,UK,44.186696
1558,Netherlands,32.934001
1558,Germany,3.709907
1558,France,28.907285
1558,Spain,23.500953
1559,Italy,29.773941
1559,UK,5.575589
1559,Netherlands,-16.399926
1559,Germany,-2.263893
1559,France,12.669005
1559,Spain,16.165743
1560,Italy,3.336623
1560,UK,8.795412
1560,Netherlands,15.622667
1560,Germany,3.062125
1560,France,10.847694
1560,Spain,4.470102
1561,Italy,18.631487
1561,UK,3.367456
1561,Netherlands,5.094295
1561,Germany,5.556794
1561,France,10.060317
1561,Spain,1.863722
1562,Italy,5.25459
1562,UK,13.210066
1562,Netherlands,0.254701
1562,Germany,6.106784
1562,France,5.110149
1562,Spain,-0.281223
1563,Italy,4.228562
1563,UK,9.122205
1563,Netherlands,4.605505
1563,Germany,8.192384
1563,France,3.884061
1563,Spain,5.732796
1564,Italy,22.2177
1564,UK,9.182169
1564,Netherlands,8.966351
1564,Germany,7.959227
1564,France,35.806996
1564,Spain,14.557364
1565,Italy,5.147058
1565,UK,27.817572
1565,Netherlands,-30.901905
1565,Germany,0.625517
1565,France,-7.624129
1565,Spain,10.459279
1566,Italy,13.603141
1566,UK,9.564382
1566,Netherlands,25.907319
1566,Germany,-7.865027
1566,France,-15.795759
1566,Spain,-6.714333
1567,Italy,10.603751
1567,UK,20.180857
1567,Netherlands,-2.821229
1567,Germany,-2.570982
1567,France,36.530783
1567,Spain,2.353375
1568,Italy,10.091361
1568,UK,12.433685
1568,Netherlands,11.192607
1568,Germany,10.969301
1568,France,7.380947
1568,Spain,11.681165
1569,Italy,-9.204152
1569,UK,4.468009
1569,Netherlands,11.015967
1569,Germany,-2.667613
1569,France,27.682314
1569,Spain,5.340538
1570,Italy,-5.00077
1570,UK,14.950766
1570,Netherlands,-4.84061
1570,Germany,-14.328997
1570,France,11.906349
1570,Spain,2.337177
1571,Italy,10.28096
1571,UK,16.781434
1571,Netherlands,5.519541
1571,Germany,2.274797
1571,France,0.300656
1571,Spain,-6.619912
1572,Italy,5.012542
1572,UK,-0.19269
1572,Netherlands,-24.938363
1572,Germany,13.856678
1572,France,8.984976
1572,Spain,9.532671
1573,Italy,16.277609
1573,UK,4.869733
1573,Netherlands,-15.807692
1573,Germany,0.97004
1573,France,-16.239815
1573,Spain,13.839482
1574,Italy,8.91604
1574,UK,-6.633169
1574,Netherlands,5.267558
1574,Germany,1.303099
1574,France,11.627642
1574,Spain,2.91668
1575,Italy,-2.362415
1575,UK,23.022879
1575,Netherlands,24.316896
1575,Germany,20.641492
1575,France,43.015992
1575,Spain,5.163136
1576,Italy,5.372938
1576,UK,8.184553
1576,Netherlands,18.653064
1576,Germany,10.463722
1576,France,15.482029
1576,Spain,-2.486746
1577,Italy,14.005307
1577,UK,1.513846
1577,Netherlands,-11.006826
1577,Germany,11.016441
1577,France,15.954166
1577,Spain,12.423436
1578,Italy,-3.892613
1578,UK,17.368842
1578,Netherlands,0.749408
1578,Germany,5.138209
1578,France,22.420919
1578,Spain,-3.227607
1579,Italy,-6.399401
1579,UK,9.849277
1579,Netherlands,9.120477
1579,Germany,-8.275904
1579,France,19.902083
1579,Spain,5.137378
1580,Italy,1.792079
1580,UK,16.312042
1580,Netherlands,-4.712058
1580,Germany,4.215848
1580,France,9.691076
1580,Spain,7.633622
1581,Italy,13.324681
1581,UK,-5.039667
1581,Netherlands,9.104041
1581,Germany,10.04963
1581,France,18.086921
1581,Spain,12.140962
1582,Italy,4.798793
1582,UK,10.736438
1582,Netherlands,13.099592
1582,Germany,7.945734
1582,France,9.544505
1582,Spain,-6.1727
1583,Italy,4.012948
1583,UK,14.864029
1583,Netherlands,10.377134
1583,Germany,5.059197
1583,France,4.385382
1583,Spain,-0.511475
1584,Italy,10.821478
1584,UK,10.2521
1584,Netherlands,6.881742
1584,Germany,8.051233
1584,France,17.333222
1584,Spain,2.277555
1585,Italy,5.916562
1585,UK,3.549839
1585,Netherlands,8.183542
1585,Germany,5.299804
1585,France,15.576532
1585,Spain,18.351319
1586,Italy,-20.560712
1586,UK,-8.636622
1586,Netherlands,1.190774
1586,Germany,-7.280915
1586,France,-12.053288
1586,Spain,12.325439
1587,Italy,13.972361
1587,UK,10.096743
1587,Netherlands,-18.008284
1587,Germany,16.715046
1587,France,-16.37797
1587,Spain,2.818503
1588,Italy,16.137481
1588,UK,26.612227
1588,Netherlands,7.687106
1588,Germany,5.84486
1588,France,41.953632
1588,Spain,1.102252
1589,Italy,-5.481494
1589,UK,5.810896
1589,Netherlands,10.561911
1589,Germany,-4.667327
1589,France,2.109148
1589,Spain,-0.578622
1590,Italy,-9.609127
1590,UK,-2.762299
1590,Netherlands,-0.006101
1590,Germany,-0.627242
1590,France,-17.964132
1590,Spain,6.591629
1591,Italy,-13.576212
1591,UK,11.215318
1591,Netherlands,3.153114
1591,Germany,21.946232
1591,France,-10.494796
1591,Spain,7.524981
1592,Italy,8.484198
1592,UK,20.306207
1592,Netherlands,20.2609
1592,Germany,4.533322
1592,France,37.59784
1592,Spain,-1.830931
1593,Italy,15.983601
1593,UK,5.10424
1593,Netherlands,-0.343228
1593,Germany,-3.346181
1593,France,20.458475
1593,Spain,2.191363
1594,Italy,9.071536
1594,UK,-5.314395
1594,Netherlands,-9.817503
1594,Germany,3.676517
1594,France,26.674241
1594,Spain,-3.809878
1595,Italy,-2.009138
1595,UK,-1.730349
1595,Netherlands,-13.400973
1595,Germany,14.830873
1595,France,0.244634
1595,Spain,23.878551
1596,Italy,-1.218184
1596,UK,4.027447
1596,Netherlands,1.892295
1596,Germany,8.945187
1596,France,14.02939
1596,Spain,3.798078
1597,Italy,-3.712201
1597,UK,-4.864076
1597,Netherlands,-4.124757
1597,Germany,0.427548
1597,France,13.246022
1597,Spain,5.126203
1598,Italy,20.934346
1598,UK,19.391541
1598,Netherlands,4.985862
1598,Germany,-1.114241
1598,France,19.895786
1598,Spain,-7.672989
1599,Italy,11.830216
1599,UK,30.422252
1599,Netherlands,4.97019
1599,Germany,7.584243
1599,France,30.803012
1599,Spain,-11.967127
1600,Italy,2.076856
1600,UK,8.36349
1600,Netherlands,12.542799
1600,Germany,0.52548
1600,France,20.547097
1600,Spain,15.248522
1601,Italy,-12.810174
1601,UK,11.273464
1601,Netherlands,13.96488
1601,Germany,3.427784
1601,France,22.855821
1601,Spain,9.532324
1602,Italy,-3.928105
1602,UK,15.377822
1602,Netherlands,10.511792
1602,Germany,6.688561
1602,France,16.762832
1602,Spain,10.81254
1603,Italy,13.93527
1603,UK,17.125568
1603,Netherlands,0.257197
1603,Germany,13.675395
1603,France,5.8354
1603,Spain,-1.772032
1604,Italy,7.624
1604,UK,6.127452
1604,Netherlands,10.064311
1604,Germany,9.279992
1604,France,15.908498
1604,Spain,7.079985
1605,Italy,0.832961
1605,UK,1.210204
1605,Netherlands,11.604467
1605,Germany,3.488025
1605,France,16.402682
1605,Spain,-8.161853
1606,Italy,6.799234
1606,UK,7.119232
1606,Netherlands,12.06524
1606,Germany,0.626741
1606,France,11.484359
1606,Spain,1.948413
1607,Italy,-1.004999
1607,UK,5.856156
1607,Netherlands,2.751869
1607,Germany,5.2508
1607,France,10.14382
1607,Spain,3.057995
1608,Italy,9.272014
1608,UK,-8.051987
1608,Netherlands,-9.968932
1608,Germany,5.653649
1608,France,0.723503
1608,Spain,16.016854
1609,Italy,16.680908
1609,UK,6.330537
1609,Netherlands,5.539848
1609,Germany,0.93464
1609,France,12.501224
1609,Spain,8.847066
1610,Italy,-4.668601
1610,UK,19.60075
1610,Netherlands,11.39722
1610,Germany,-7.773661
1610,France,20.598106
1610,Spain,10.449095
1611,Italy,7.751432
1611,UK,5.008172
1611,Netherlands,5.115739
1611,Germany,5.886902
1611,France,9.932771
1611,Spain,8.741891
1612,Italy,-0.20811
1612,UK,2.860292
1612,Netherlands,2.834397
1612,Germany,4.895997
1612,France,12.217363
1612,Spain,-2.061759
1613,Italy,14.024946
1613,UK,2.390165
1613,Netherlands,5.656676
1613,Germany,7.500735
1613,France,16.498937
1613,Spain,4.998804
1614,Italy,5.074951
1614,UK,9.442326
1614,Netherlands,11.349307
1614,Germany,-7.31939
1614,France,12.738642
1614,Spain,-6.080336
1615,Italy,5.687493
1615,UK,10.937056
1615,Netherlands,9.121895
1615,Germany,10.050667
1615,France,13.878764
1615,Spain,9.344911
1616,Italy,4.686207
1616,UK,6.397559
1616,Netherlands,-0.188623
1616,Germany,2.926621
1616,France,16.197711
1616,Spain,4.84293
1617,Italy,-7.389314
1617,UK,8.029744
1617,Netherlands,1.436097
1617,Germany,15.398513
1617,France,5.596749
1617,Spain,-0.468274
1618,Italy,-3.224644
1618,UK,10.140291
1618,Netherlands,11.242294
1618,Germany,9.676905
1618,France,2.926737
1618,Spain,13.522376
1619,Italy,-5.832778
1619,UK,17.60743
1619,Netherlands,10.506678
1619,Germany,-4.86437
1619,France,25.55586
1619,Spain,10.020977
1620,Italy,6.18987
1620,UK,16.166531
1620,Netherlands,5.451649
1620,Germany,-8.292765
1620,France,17.135968
1620,Spain,11.52182
1621,Italy,4.656911
1621,UK,3.983853
1621,Netherlands,8.372966
1621,Germany,-58.077338
1621,France,9.107111
1621,Spain,1.684981
1622,Italy,6.670601
1622,UK,-3.905263
1622,Netherlands,-13.959789
1622,Germany,-43.649358
1622,France,6.310163
1622,Spain,-1.385263
1623,Italy,5.721799
1623,UK,12.667403
1623,Netherlands,-1.747151
1623,Germany,12.665862
1623,France,10.301759
1623,Spain,-4.779709
1624,Italy,6.348006
1624,UK,11.734994
1624,Netherlands,3.203718
1624,Germany,16.039301
1624,France,20.371658
1624,Spain,13.312447
1625,Italy,6.224222
1625,UK,4.184924
1625,Netherlands,6.828813
1625,Germany,1.807105
1625,France,13.840433
1625,Spain,10.787266
1626,Italy,6.600445
1626,UK,8.023771
1626,Netherlands,11.89012
1626,Germany,-1.819199
1626,France,-14.792504
1626,Spain,5.65119
1627,Italy,6.601678
1627,UK,16.231299
1627,Netherlands,3.871991
1627,Germany,17.808271
1627,France,17.872827
1627,Spain,8.787677
1628,Italy,6.602919
1628,UK,9.089399
1628,Netherlands,-1.210295
1628,Germany,7.036262
1628,France,24.894166
1628,Spain,-3.743181
1629,Italy,6.604169
1629,UK,3.722169
1629,Netherlands,-5.768559
1629,Germany,9.175856
1629,France,18.161991
1629,Spain,2.388256
1630,Italy,6.605428
1630,UK,-8.994271
1630,Netherlands,-5.197056
1630,Germany,12.450511
1630,France,6.132698
1630,Spain,2.178305
1631,Italy,6.606696
1631,UK,0.096066
1631,Netherlands,5.731569
1631,Germany,4.991001
1631,France,-9.62458
1631,Spain,4.240339
1632,Italy,7.257972
1632,UK,16.375423
1632,Netherlands,22.534086
1632,Germany,-6.91439
1632,France,18.020347
1632,Spain,18.269767
1633,Italy,7.359258
1633,UK,9.829397
1633,Netherlands,9.645481
1633,Germany,-9.436687
1633,France,26.339249
1633,Spain,17.130629
1634,Italy,7.360554
1634,UK,6.526862
1634,Netherlands,-1.006813
1634,Germany,-5.903362
1634,France,18.954237
1634,Spain,13.301061
1635,Italy,7.361859
1635,UK,7.484368
1635,Netherlands,12.863646
1635,Germany,10.070867
1635,France,10.997318
1635,Spain,9.809892
1636,Italy,7.863173
1636,UK,5.438075
1636,Netherlands,5.955013
1636,Germany,12.330074
1636,France,12.038236
1636,Spain,0.731041
1637,Italy,6.864496
1637,UK,6.836202
1637,Netherlands,-4.158439
1637,Germany,13.45993
1637,France,16.36985
1637,Spain,3.841744
1638,Italy,6.86583
1638,UK,4.077348
1638,Netherlands,4.268595
1638,Germany,9.632248
1638,France,13.918268
1638,Spain,5.946596
1639,Italy,6.767173
1639,UK,17.596893
1639,Netherlands,8.005176
1639,Germany,18.39714
1639,France,13.521528
1639,Spain,22.171013
1640,Italy,5.868526
1640,UK,14.159811
1640,Netherlands,-0.645619
1640,Germany,11.53918
1640,France,13.091812
1640,Spain,17.189733
1641,Italy,5.869889
1641,UK,-0.998554
1641,Netherlands,8.152728
1641,Germany,1.384192
1641,France,6.494867
1641,Spain,-5.524133
1642,Italy,5.871263
1642,UK,13.191164
1642,Netherlands,8.022026
1642,Germany,5.767398
1642,France,14.985027
1642,Spain,17.63293
1643,Italy,5.872646
1643,UK,5.763977
1643,Netherlands,-1.101197
1643,Germany,16.859014
1643,France,-0.13423
1643,Spain,-1.876504
1644,Italy,5.87404
1644,UK,9.885081
1644,Netherlands,0.798734
1644,Germany,12.186415
1644,France,15.091933
1644,Spain,-0.889212
1645,Italy,5.875444
1645,UK,6.182875
1645,Netherlands,10.259395
1645,Germany,10.371169
1645,France,25.86264
1645,Spain,9.350098
1646,Italy,5.876859
1646,UK,3.16964
1646,Netherlands,8.225245
1646,Germany,3.844477
1646,France,18.8026
1646,Spain,6.655971
1647,Italy,5.878285
1647,UK,-9.374562
1647,Netherlands,0.616659
1647,Germany,4.06116
1647,France,4.856988
1647,Spain,-5.56972
1648,Italy,5.879721
1648,UK,-1.705412
1648,Netherlands,-9.519255
1648,Germany,-14.88516
1648,France,5.323172
1648,Spain,16.092369
1649,Italy,5.881169
1649,UK,10.217963
1649,Netherlands,-0.959439
1649,Germany,-3.559363
1649,France,2.652535
1649,Spain,2.939669
1650,Italy,5.882627
1650,UK,9.378636
1650,Netherlands,-1.640644
1650,Germany,18.830656
1650,France,-3.864839
1650,Spain,4.387883
1651,Italy,5.884097
1651,UK,9.323624
1651,Netherlands,1.605543
1651,Germany,8.993432
1651,France,27.547349
1651,Spain,14.794654
1652,Italy,6.385578
1652,UK,16.028203
1652,Netherlands,1.505723
1652,Germany,11.922093
1652,France,5.581815
1652,Spain,0.693236
1653,Italy,6.38707
1653,UK,13.803338
1653,Netherlands,14.027564
1653,Germany,13.402925
1653,France,39.070532
1653,Spain,10.593952
1654,Italy,6.388574
1654,UK,18.848412
1654,Netherlands,17.513082
1654,Germany,12.647
1654,France,34.806934
1654,Spain,7.449547
1655,Italy,6.39009
1655,UK,9.221745
1655,Netherlands,8.749813
1655,Germany,9.907456
1655,France,22.067235
1655,Spain,0.598961
1656,Italy,6.391618
1656,UK,-9.626409
1656,Netherlands,-5.065433
1656,Germany,5.804355
1656,France,20.786593
1656,Spain,10.156649
1657,Italy,6.393157
1657,UK,0.588682
1657,Netherlands,10.284838
1657,Germany,7.273103
1657,France,16.019623
1657,Spain,11.055306
1658,Italy,7.294709
1658,UK,-2.800631
1658,Netherlands,-11.818529
1658,Germany,3.013358
1658,France,9.657718
1658,Spain,1.011948
1659,Italy,5.896273
1659,UK,-0.960333
1659,Netherlands,-8.48029
1659,Germany,-0.41736
1659,France,10.636258
1659,Spain,5.040423
1660,Italy,6.14785
1660,UK,11.825673
1660,Netherlands,7.935512
1660,Germany,-8.239123
1660,France,13.817317
1660,Spain,1.205054
1661,Italy,6.399439
1661,UK,-1.337373
1661,Netherlands,-2.433053
1661,Germany,-12.111884
1661,France,-10.588131
1661,Spain,5.566058
1662,Italy,6.651041
1662,UK,2.330275
1662,Netherlands,2.227401
1662,Germany,5.432459
1662,France,-3.263416
1662,Spain,12.894632
1663,Italy,6.902656
1663,UK,7.769912
1663,Netherlands,12.245059
1663,Germany,11.334363
1663,France,31.237912
1663,Spain,6.834055
1664,Italy,6.904284
1664,UK,11.405405
1664,Netherlands,14.78892
1664,Germany,9.753649
1664,France,12.853629
1664,Spain,-6.658443
1665,Italy,6.405925
1665,UK,6
1665,Netherlands,-9.897372
1665,Germany,8.924836
1665,France,21.221596
1665,Spain,-0.343764
1666,Italy,5.657579
1666,UK,9.809524
1666,Netherlands,10.7653
1666,Germany,11.12518
1666,France,9.936361
1666,Spain,10.108141
1667,Italy,5.409247
1667,UK,10.950495
1667,Netherlands,11.83123
1667,Germany,12.015164
1667,France,19.246904
1667,Spain,9.493465
1668,Italy,5.160929
1668,UK,6
1668,Netherlands,-2.990932
1668,Germany,7.401762
1668,France,15.721561
1668,Spain,-4.228022
1669,Italy,4.912624
1669,UK,10.166667
1669,Netherlands,18.082652
1669,Germany,8.481971
1669,France,9.697643
1669,Spain,18.44482
1670,Italy,4.664334
1670,UK,4.913043
1670,Netherlands,-3.112323
1670,Germany,9.739405
1670,France,6.651949
1670,Spain,12.780376
1671,Italy,4.416058
1671,UK,7.075269
1671,Netherlands,2.209975
1671,Germany,4.092986
1671,France,7.688855
1671,Spain,9.587096
1672,Italy,4.167796
1672,UK,9.26087
1672,Netherlands,-2.515747
1672,Germany,5.80859
1672,France,7.484012
1672,Spain,2.204777
1673,Italy,4.169549
1673,UK,7.123596
1673,Netherlands,4.624621
1673,Germany,0.713163
1673,France,10.634343
1673,Spain,9.263976
1674,Italy,4.171317
1674,UK,-0.818182
1674,Netherlands,2.155835
1674,Germany,-4.964341
1674,France,5.150314
1674,Spain,6.798134
1675,Italy,4.173099
1675,UK,-1.446809
1675,Netherlands,1.982696
1675,Germany,-0.078666
1675,France,-4.979716
1675,Spain,4.961201
1676,Italy,4.174897
1676,UK,10.950495
1676,Netherlands,7.063511
1676,Germany,8.991257
1676,France,10.623017
1676,Spain,-0.946781
1677,Italy,4.17671
1677,UK,13.291667
1677,Netherlands,10.661555
1677,Germany,13.603434
1677,France,0.385312
1677,Spain,-5.645016
1678,Italy,4.178539
1678,UK,4.876404
1678,Netherlands,8.570699
1678,Germany,3.983521
1678,France,3.678601
1678,Spain,-3.76454
1679,Italy,4.180383
1679,UK,0.444444
1679,Netherlands,7.949189
1679,Germany,3.052905
1679,France,3.257405
1679,Spain,18.092609
1680,Italy,4.182243
1680,UK,8.105263
1680,Netherlands,0.772224
1680,Germany,4.155309
1680,France,14.93356
1680,Spain,-21.918224
1681,Italy,4.33412
1681,UK,9.225806
1681,Netherlands,3.566159
1681,Germany,7.029421
1681,France,6.32879
1681,Spain,9.654486
1682,Italy,3.936013
1682,UK,6
1682,Netherlands,1.687212
1682,Germany,8.994107
1682,France,11.058095
1682,Spain,20.604632
1683,Italy,3.937922
1683,UK,8.222222
1683,Netherlands,4.053346
1683,Germany,0.231581
1683,France,8.953772
1683,Spain,-15.017053
1684,Italy,4.089848
1684,UK,4.863636
1684,Netherlands,0.289445
1684,Germany,-3.942947
1684,France,0.729908
1684,Spain,4.438687
1685,Italy,4.21322
1685,UK,3.752809
1685,Netherlands,3.279528
1685,Germany,13.172052
1685,France,3.974347
1685,Spain,12.121884
1686,Italy,4.336609
1686,UK,4.901099
1686,Netherlands,9.86369
1686,Germany,3.947925
1686,France,21.907917
1686,Spain,17.458687
1687,Italy,4.460016
1687,UK,17.956522
1687,Netherlands,9.780461
1687,Germany,5.954648
1687,France,8.013642
1687,Spain,13.544864
1688,Italy,4.58344
1688,UK,6
1688,Netherlands,2.045599
1688,Germany,-2.566904
1688,France,15.718567
1688,Spain,8.487872
1689,Italy,4.706882
1689,UK,7.234568
1689,Netherlands,2.114286
1689,Germany,4.306277
1689,France,5.078088
1689,Spain,9.080884
1690,Italy,4.830342
1690,UK,3.5
1690,Netherlands,3.40089
1690,Germany,6.489876
1690,France,7.059492
1690,Spain,-1.360159
1691,Italy,4.953821
1691,UK,6.780488
1691,Netherlands,2.343044
1691,Germany,0.308015
1691,France,7.675871
1691,Spain,3.824023
1692,Italy,2.95589
1692,UK,9.204819
1692,Netherlands,-0.210448
1692,Germany,-9.10628
1692,France,0.174861
1692,Spain,1.424134
1693,Italy,2.957978
1693,UK,3.121951
1693,Netherlands,-3.178471
1693,Germany,-4.325938
1693,France,-21.196574
1693,Spain,13.199635
1694,Italy,2.960085
1694,UK,-2.465116
1694,Netherlands,8.003295
1694,Germany,11.162885
1694,France,-8.300169
1694,Spain,2.210846
1695,Italy,2.962212
1695,UK,8
1695,Netherlands,-1.329049
1695,Germany,14.393678
1695,France,38.392058
1695,Spain,-1.034565
1696,Italy,2.964358
1696,UK,3.599655
1696,Netherlands,6.996643
1696,Germany,11.766042
1696,France,9.761855
1696,Spain,5.130308
1697,Italy,2.966524
1697,UK,7.173554
1697,Netherlands,-3.238512
1697,Germany,-1.743319
1697,France,3.789977
1697,Spain,4.717615
1698,Italy,2.968711
1698,UK,3.081967
1698,Netherlands,-3.64409
1698,Germany,-6.426849
1698,France,-1.148261
1698,Spain,-4.00911
1699,Italy,2.970918
1699,UK,4.875
1699,Netherlands,0.2089
1699,Germany,-1.054178
1699,France,-1.819449
1699,Spain,2.76757
1700,Italy,4.473146
1700,UK,16.878788
1700,Netherlands,27.394203
1700,Germany,13.495162
1700,France,17.75631
1700,Spain,10.20463
1701,Italy,4.475396
1701,UK,17.043478
1701,Netherlands,7.34006
1701,Germany,5.540043
1701,France,28.598749
1701,Spain,6.300966
1702,Italy,5.998055
1702,UK,7
1702,Netherlands,10.630867
1702,Germany,12.119687
1702,France,19.18387
1702,Spain,9.533132
1703,Italy,-1.693083
1703,UK,11.050505
1703,Netherlands,5.01754
1703,Germany,3.981351
1703,France,7.276767
1703,Spain,6.922109
1704,Italy,10.765878
1704,UK,1.744681
1704,Netherlands,-0.11513
1704,Germany,5.06111
1704,France,13.374848
1704,Spain,7.718026
1705,Italy,9.301241
1705,UK,15.183673
1705,Netherlands,11.063655
1705,Germany,9.632857
1705,France,13.913317
1705,Spain,8.928151
1706,Italy,1.387594
1706,UK,-7.483146
1706,Netherlands,-2.813334
1706,Germany,7.734678
1706,France,11.778866
1706,Spain,-7.669612
1707,Italy,-3.335642
1707,UK,18.871287
1707,Netherlands,5.67443
1707,Germany,2.959208
1707,France,7.505595
1707,Spain,15.3783
1708,Italy,-5.557891
1708,UK,1.454545
1708,Netherlands,0.994131
1708,Germany,3.055599
1708,France,-3.335461
1708,Spain,-1.561308
1709,Italy,-29.263157
1709,UK,-10.304348
1709,Netherlands,-37.044699
1709,Germany,-0.74146
1709,France,-57.599796
1709,Spain,-5.378804
1710,Italy,1.418283
1710,UK,-5.718692
1710,Netherlands,9.872069
1710,Germany,6.860899
1710,France,24.041706
1710,Spain,-1.250267
1711,Italy,39.066353
1711,UK,-1.955738
1711,Netherlands,15.171412
1711,Germany,2.423766
1711,France,23.327724
1711,Spain,10.534744
1712,Italy,9.641882
1712,UK,33.885185
1712,Netherlands,7.265561
1712,Germany,-1.018457
1712,France,1.472444
1712,Spain,9.534546
1713,Italy,0.415531
1713,UK,9.860396
1713,Netherlands,-2.995553
1713,Germany,9.098289
1713,France,-14.16531
1713,Spain,2.51756
1714,Italy,-4.660604
1714,UK,0.314433
1714,Netherlands,6.407506
1714,Germany,8.042293
1714,France,7.166733
1714,Spain,20.492408
1715,Italy,-8.400623
1715,UK,4.029126
1715,Netherlands,1.369776
1715,Germany,10.93935
1715,France,20.077187
1715,Spain,5.589381
1716,Italy,9.046552
1716,UK,9.807692
1716,Netherlands,4.084055
1716,Germany,1.912235
1716,France,25.012337
1716,Spain,5.082387
1717,Italy,25.420975
1717,UK,8.540404
1717,Netherlands,9.102829
1717,Germany,4.878715
1717,France,-0.339212
1717,Spain,14.169505
1718,Italy,3.517057
1718,UK,6.605263
1718,Netherlands,7.115161
1718,Germany,5.439766
1718,France,21.727049
1718,Spain,3.410686
1719,Italy,16.752345
1719,UK,-0.301075
1719,Netherlands,-6.42792
1719,Germany,2.288783
1719,France,3.420705
1719,Spain,1.705768
1720,Italy,8.495761
1720,UK,-1.154639
1720,Netherlands,1.944301
1720,Germany,7.789664
1720,France,4.564872
1720,Spain,14.24678
1721,Italy,-1.042374
1721,UK,6.960784
1721,Netherlands,2.08918
1721,Germany,11.238676
1721,France,4.939326
1721,Spain,10.876113
1722,Italy,-3.813966
1722,UK,11
1722,Netherlands,12.670826
1722,Germany,7.650164
1722,France,0.198952
1722,Spain,-8.512867
1723,Italy,16.040299
1723,UK,6.26087
1723,Netherlands,0.456075
1723,Germany,4.597091
1723,France,-9.230183
1723,Spain,-3.08792
1724,Italy,1.551
1724,UK,-2.617978
1724,Netherlands,3.980657
1724,Germany,-2.596407
1724,France,-10.198922
1724,Spain,8.116991
1725,Italy,-4.81395
1725,UK,-0.191489
1725,Netherlands,-0.808414
1725,Germany,9.19631
1725,France,-10.374164
1725,Spain,5.948451
1726,Italy,8.284467
1726,UK,-2.154639
1726,Netherlands,3.74053
1726,Germany,-2.984234
1726,France,11.719395
1726,Spain,7.096187
1727,Italy,7.769208
1727,UK,9.452353
1727,Netherlands,5.5969
1727,Germany,9.405212
1727,France,18.317295
1727,Spain,11.911843
1728,Italy,0.050935
1728,UK,0.28
1728,Netherlands,7.745308
1728,Germany,4.602067
1728,France,14.913272
1728,Spain,-0.851124
1729,Italy,-2.881602
1729,UK,-1.810505
1729,Netherlands,-2.537051
1729,Germany,6.01135
1729,France,-0.100397
1729,Spain,4.676611
1730,Italy,17.36307
1730,UK,11.953846
1730,Netherlands,5.113454
1730,Germany,7.826843
1730,France,9.834855
1730,Spain,4.151303
1731,Italy,-5.727469
1731,UK,10.488421
1731,Netherlands,1.503895
1731,Germany,-3.912791
1731,France,-2.179142
1732,Italy,8.743547
1732,UK,1.893636
1732,Netherlands,8.560213
1732,Germany,11.446552
1732,France,16.744261
1733,Italy,-22.191486
1733,UK,7.584382
1733,Netherlands,2.970926
1733,Germany,8.359345
1733,France,14.713629
1734,Italy,-11.520269
1734,UK,-0.339412
1734,Netherlands,1.210146
1734,Germany,6.388385
1734,France,2.463334
1735,Italy,7.282134
1735,UK,2.053636
1735,Netherlands,-0.127013
1735,Germany,2.968699
1735,France,13.122412
1736,Italy,8.788422
1736,UK,5.107191
1736,Netherlands,3.330813
1736,Germany,-2.409267
1736,France,2.387499
1737,Italy,7.841986
1737,UK,-4.066552
1737,Netherlands,-1.453727
1737,Germany,3.266815
1737,France,5.412674
1738,Italy,8.419561
1738,UK,5.010538
1738,Netherlands,2.701607
1738,Germany,5.002177
1738,France,-5.277879
1739,Italy,10.950056
1739,UK,5.257802
1739,Netherlands,1.74671
1739,Germany,-1.652016
1739,France,0.409733
1740,Italy,-5.489687
1740,UK,-9.359551
1740,Netherlands,-9.414772
1740,Germany,-3.326695
1740,France,-2.536867
1741,Italy,-5.975282
1741,UK,-4.97
1741,Netherlands,6.365982
1741,Germany,9.140228
1741,France,-9.458947
1742,Italy,21.525064
1742,UK,11.333333
1742,Netherlands,13.437208
1742,Germany,7.211907
1742,France,26.334628
1742,Japan,-9.69697
1743,Italy,1.006759
1743,UK,8.020505
1743,Netherlands,8.079666
1743,Germany,8.506233
1743,France,17.091501
1743,Japan,8.287293
1744,Italy,-2.304775
1744,UK,13.878298
1744,Netherlands,4.257468
1744,Germany,10.375432
1744,France,10.171655
1744,Japan,-5.421687
1745,Italy,8.771952
1745,UK,2.339524
1745,Netherlands,-9.744369
1745,Germany,-0.831612
1745,France,5.135038
1745,Japan,4.571429
1746,Italy,1.677222
1746,UK,-6.001765
1746,Netherlands,-0.571811
1746,Germany,2.419209
1746,France,2.698527
1746,Japan,-2.39521
1747,Italy,-7.432755
1747,UK,6.885806
1747,Netherlands,-2.855233
1747,Germany,10.260315
1747,France,5.008089
1747,Japan,7.017544
1748,Italy,-2.735433
1748,UK,-1.034444
1748,Netherlands,13.923926
1748,Germany,5.148756
1748,France,-2.418562
1748,Japan,-16.981132
1749,Italy,7.08793
1749,UK,0.84234
1749,Netherlands,10.172273
1749,Germany,7.295128
1749,France,8.725903
1749,Japan,3.225806
1750,Italy,-9.356855
1750,UK,4.041667
1750,Netherlands,-3.195186
1750,Germany,8.892835
1750,France,3.827525
1750,Japan,-27.777778
1751,Italy,6.301303
1751,UK,0.398421
1751,Netherlands,-0.032315
1751,Germany,7.357788
1751,France,2.319505
1751,Japan,2.173913
1752,Italy,16.578469
1752,UK,-3.550256
1752,Netherlands,-2.338109
1752,Germany,-0.882959
1752,France,-0.717384
1752,Japan,26.666667
1753,Italy,22.095654
1753,UK,4.076371
1753,Netherlands,12.209555
1753,Germany,-1.076182
1753,France,8.910635
1753,Japan,2.424242
1754,Italy,7.779818
1754,UK,4.118211
1754,Netherlands,10.036186
1754,Germany,6.97062
1754,France,5.749837
1754,Japan,-4.968944
1755,Italy,-5.96808
1755,UK,8.07234
1755,Netherlands,-9.064157
1755,Germany,7.042932
1755,France,13.439967
1755,Japan,5.325444
1756,Italy,5.539861
1756,UK,-4.427559
1756,Netherlands,-7.352351
1756,Germany,-2.944662
1756,France,1.671121
1756,Japan,0
1757,Italy,1.960786
1757,UK,-24.366668
1757,Netherlands,-2.842983
1757,Germany,4.362383
1757,France,-4.43409
1757,Japan,-2.5
1758,Italy,-3.186199
1758,UK,8.908359
1758,Netherlands,3.060556
1758,Germany,-1.856524
1758,France,10.541776
1758,Japan,1.219512
1759,Italy,-7.24572
1759,UK,16.630371
1759,Netherlands,15.091037
1759,Germany,7.802314
1759,France,5.421726
1759,Japan,-0.617284
1760,Italy,14.170226
1760,UK,11.726034
1760,Netherlands,7.013275
1760,Germany,-3.220413
1760,France,7.376221
1760,Japan,1.840491
1761,Italy,13.782053
1761,UK,5.169992
1761,Netherlands,-3.741829
1761,Germany,-9.545832
1761,France,11.826147
1761,Japan,0
1762,Italy,8.025277
1762,UK,0.174588
1762,Netherlands,-12.919381
1762,Germany,2.360801
1762,France,6.007065
1762,Japan,0
1763,Italy,-9.349564
1763,UK,0.920442
1763,Netherlands,11.366277
1763,Germany,15.659218
1763,France,6.063781
1763,Japan,0
1764,Italy,-11.208496
1764,UK,-5.998415
1764,Netherlands,5.586779
1764,Germany,5.222599
1764,France,5.171337
1764,Japan,0
1765,Italy,-3.645264
1765,UK,-2.066769
1765,Netherlands,9.347596
1765,Germany,8.63863
1765,France,0.785432
1765,Japan,0
1766,Italy,0.200254
1766,UK,3.356879
1766,Netherlands,-6.639903
1766,Germany,9.128078
1766,France,3.04357
1766,Japan,0
1767,Italy,8.282043
1767,UK,-12.097976
1767,Netherlands,-5.849595
1767,Germany,-1.746855
1767,France,4.318721
1767,Japan,0
1768,Italy,14.057143
1768,UK,5.976528
1768,Netherlands,10.024023
1768,Germany,4.706749
1768,France,-10.166945
1768,Japan,0
1769,Italy,8.822564
1769,UK,17.156393
1769,Netherlands,-0.484053
1769,Germany,2.287043
1769,France,7.208918
1769,Japan,0
1770,Italy,-5.784764
1770,UK,-0.638226
1770,Netherlands,0.854083
1770,Germany,-15.829921
1770,France,12.458059
1770,Japan,0
1771,Italy,-0.054696
1771,UK,-2.524937
1771,Netherlands,-14.782508
1771,Germany,-3.653355
1771,France,3.079261
1771,Japan,0
1772,Italy,-9.259487
1772,UK,-1.421414
1772,Netherlands,2.853802
1772,Germany,14.85607
1772,France,15.472265
1772,Japan,0
1773,Italy,8.962012
1773,UK,3.066118
1773,Netherlands,9.562357
1773,Germany,18.3918
1773,France,6.271568
1773,Japan,0
1774,Italy,-14.898427
1774,UK,4.854503
1774,Netherlands,9.283329
1774,Germany,7.574287
1774,France,9.771387
1774,Japan,0
1775,Italy,6.99267
1775,UK,4.269331
1775,Netherlands,4.076722
1775,Germany,6.14698
1775,France,1.152088
1775,Japan,0
1776,Italy,21.504076
1776,UK,9.935788
1776,Netherlands,1.723455
1776,Germany,6.631421
1776,France,1.454053
1776,Japan,0
1777,Italy,-13.767759
1777,UK,-0.534165
1777,Netherlands,-1.477651
1777,Germany,-0.049513
1777,France,6.85059
1777,Japan,0
1778,Italy,-10.785446
1778,UK,3.185746
1778,Netherlands,8.798316
1778,Germany,3.939689
1778,France,9.06039
1778,Japan,0
1779,Italy,25.973056
1779,UK,10.002646
1779,Netherlands,6.122464
1779,Germany,8.187377
1779,France,8.085828
1779,Japan,0
1780,Italy,13.140054
1780,UK,3.839697
1780,Netherlands,-1.444791
1780,Germany,2.098162
1780,France,8.28275
1780,Japan,0
1781,Italy,-8.588008
1781,UK,-4.719504
1781,Netherlands,-6.078463
1781,Germany,2.124949
1781,France,4.468355
1781,Japan,0
1782,Italy,2.256817
1782,UK,4.486799
1782,Netherlands,-5.68523
1782,Germany,-0.77217
1782,France,9.254994
1782,Japan,0
1783,Italy,2.133802
1783,UK,4.432332
1783,Netherlands,12.04137
1783,Germany,6.476467
1783,France,5.110616
1783,Japan,0
1784,Italy,3.883628
1784,UK,10.08359
1784,Netherlands,2.938131
1784,Germany,-2.584595
1784,France,-2.813635
1784,Japan,0
1785,Italy,13.86978
1785,UK,9.316136
1785,Netherlands,1.942282
1785,Germany,5.339989
1785,France,7.385225
1785,Japan,0
1786,Italy,0.332034
1786,UK,4.698486
1786,Netherlands,-4.453739
1786,Germany,5.376236
1786,France,10.871025
1786,United States,16.252927
1786,Japan,0
1787,Italy,-12.03796
1787,UK,2.233972
1787,Netherlands,6.28755
1787,Germany,-7.55006
1787,France,2.299472
1787,United States,12.804927
1787,Japan,0
1788,Italy,18.720776
1788,UK,2.463236
1788,Netherlands,1.886602
1788,Germany,0.012493
1788,France,1.350468
1788,United States,19.109927
1788,Japan,0
1789,Italy,8.700388
1789,UK,4.210888
1789,Netherlands,3.531072
1789,Germany,1.822731
1789,France,-0.787894
1789,United States,8.252927
1789,Japan,0
1790,Italy,3.074649
1790,UK,-2.604881
1790,Netherlands,6.52768
1790,Germany,4.607008
1790,France,6.171375
1790,United States,2.252927
1790,Japan,0
1791,Italy,13.808016
1791,UK,4.820063
1791,Netherlands,6.223231
1791,Germany,8.585368
1791,France,13.852588
1791,United States,1.819196
1791,Japan,-2.5
1792,Italy,-0.643344
1792,UK,5.642497
1792,Netherlands,1.72312
1792,Germany,1.304369
1792,France,-3.101965
1792,United States,3.348869
1792,Japan,-12.195122
1793,Italy,-15.592739
1793,UK,-2.159073
1793,Netherlands,-2.549057
1793,Germany,2.730307
1793,France,-21.460503
1793,United States,2.548004
1793,Japan,2.173913
1794,Italy,5.974396
1794,UK,1.371588
1794,Netherlands,-1.373362
1794,Germany,-3.051933
1794,France,13.136153
1794,United States,-5.493905
1794,Japan,8.333333
1795,Italy,-4.896881
1795,UK,-11.183641
1795,Netherlands,-14.702637
1795,Germany,-1.017957
1795,France,4.082676
1795,United States,-8.5737
1795,Japan,-7.272727
1796,Italy,1.333986
1796,UK,2.400725
1796,Netherlands,17.315374
1796,Germany,6.97032
1796,France,18.396951
1796,United States,1.057166
1796,Japan,8.474576
1797,Italy,-1.538253
1797,UK,15.736691
1797,Netherlands,19.576636
1797,Germany,7.807365
1797,France,19.556111
1797,United States,9.553073
1797,Japan,-1.234568
1798,Italy,2.294719
1798,UK,4.576793
1798,Netherlands,3.066437
1798,Germany,0.922913
1798,France,53.786535
1798,United States,9.386223
1798,Japan,-3.04878
1799,Italy,-16.582984
1799,UK,-15.862692
1799,Netherlands,-5.315709
1799,Germany,4.08316
1799,France,23.549754
1799,United States,6.316
1799,Japan,2.366864
1800,Italy,-40.62486
1800,UK,-31.797063
1800,Netherlands,-6.004649
1800,Germany,-0.30005
1800,France,8.460913
1800,United States,3.432685
1800,Spain,8.073994
1800,Japan,-6.666667
1801,Italy,9.613317
1801,UK,-6.799141
1801,Netherlands,6.889492
1801,Germany,3.812169
1801,France,-1.72458
1801,United States,3.770292
1801,Spain,-8.407604
1801,Japan,6.25
1802,Italy,29.610867
1802,UK,27.225471
1802,Netherlands,10.123259
1802,Germany,10.809806
1802,France,6.17034
1802,United States,20.572982
1802,Spain,-10.440858
1802,Japan,1.818182
1803,Italy,18.983385
1803,UK,10.97972
1803,Netherlands,5.751113
1803,Germany,2.46413
1803,France,13.120938
1803,United States,-0.401044
1803,Spain,-28.897764
1803,Japan,1.234568
1804,Italy,13.361606
1804,UK,2.053162
1804,Netherlands,13.073023
1804,Germany,10.729273
1804,France,9.44509
1804,United States,0.837438
1804,Spain,-10.948453
1804,Japan,-35.625
1805,Italy,6.772277
1805,UK,-11.130693
1805,Netherlands,-3.116721
1805,Germany,-6.134882
1805,France,2.67023
1805,United States,5.916301
1805,Spain,28.083321
1805,Japan,29.953917
1806,Italy,4
1806,UK,9.287436
1806,Netherlands,11.127969
1806,Germany,9.358974
1806,France,4.054731
1806,United States,0.593648
1806,Spain,40.837784
1806,Japan,18.421053
1807,Italy,6.383
1807,UK,6.665763
1807,Netherlands,9.697132
1807,Germany,12.939484
1807,France,9.227468
1807,United States,10.056406
1807,Spain,22.168166
1807,Japan,1.612903
1808,Italy,6.961712
1808,UK,1.12215
1808,Netherlands,3.700614
1808,Germany,-11.226919
1808,France,5.289803
1808,United States,-4.045714
1808,Spain,23.050058
1808,Japan,-12.295082
1809,Italy,7.824942
1809,UK,-5.31597
1809,Netherlands,9.493421
1809,Germany,18.506636
1809,France,8.788924
1809,United States,6.599231
1809,Spain,10.911346
1809,Japan,-29.19708
1810,Italy,-25.394851
1810,UK,1.208535
1810,Netherlands,20.733189
1810,Germany,22.690615
1810,France,4.343564
1810,United States,4.615
1810,Spain,21.763937
1810,Japan,0.564972
1811,Italy,-16.608854
1811,UK,7.574168
1811,Netherlands,20.851978
1811,Germany,15.514182
1811,France,-2.601315
1811,United States,-1.795302
1811,Spain,-52.062886
1811,Japan,-0.568182
1812,Italy,12.989456
1812,UK,-8.187103
1812,Netherlands,15.490252
1812,Germany,0.738886
1812,France,-1.957647
1812,United States,3.915126
1812,Spain,-31.892807
1812,Japan,0
1813,Italy,21.148311
1813,UK,2.547486
1813,Netherlands,23.71095
1813,Germany,20.408759
1813,France,17.948981
1813,United States,-14.434515
1813,Spain,67.621576
1813,Japan,-5.649718
1814,Italy,9.213199
1814,UK,17.221479
1814,Netherlands,11.412189
1814,Germany,13.333333
1814,France,10.940473
1814,United States,-4.00811
1814,Spain,45.177722
1814,Japan,-10.695187
1815,Italy,-12.72752
1815,UK,15.735458
1815,Netherlands,3.314234
1815,Germany,3.427818
1815,France,8.587158
1815,United States,17.466118
1815,Spain,35.444794
1815,Japan,-1.932367
1816,Italy,2.498798
1816,UK,13.209001
1816,Netherlands,-5.719912
1816,Germany,-5.272286
1816,France,-9.714775
1816,United States,13.529911
1816,Spain,48.072429
1816,Japan,14.218009
1817,Italy,15.103984
1817,UK,-9.505408
1817,Netherlands,-1.084963
1817,Germany,-13.837839
1817,France,-18.749081
1817,United States,9.555765
1817,Spain,33.649803
1817,Japan,3.867403
1818,Italy,30.182026
1818,UK,3.54917
1818,Netherlands,19.529342
1818,Germany,18.304162
1818,France,34.485075
1818,United States,8.907453
1818,Spain,49.183214
1818,Japan,-1.724138
1819,Italy,24.319175
1819,UK,6.686532
1819,Netherlands,19.618933
1819,Germany,26.393231
1819,France,14.950402
1819,United States,4.152
1819,Spain,76.841687
1819,Japan,0.564972
1820,Italy,2.662997
1820,UK,13.675389
1820,Netherlands,12.511856
1820,Germany,18.547359
1820,France,13.304008
1820,United States,12.183991
1820,Spain,20.908996
1820,Japan,-1.136364
1821,Italy,3.169707
1821,UK,15.998662
1821,Netherlands,10.462688
1821,Germany,19.356148
1821,France,11.650802
1821,United States,8.412953
1821,Spain,29.356029
1821,Japan,-2.808989
1822,Italy,9.574331
1822,UK,17.263659
1822,Netherlands,9.545599
1822,Germany,5.442
1822,France,-0.713371
1822,United States,0.6399
1822,Spain,6.605003
1822,Japan,-4.371585
1823,Italy,8.66523
1823,UK,-3.019761
1823,Netherlands,4.997151
1823,Germany,0.038508
1823,France,3.415358
1823,United States,8.460505
1823,Spain,14.200041
1823,Japan,-40.314136
1824,Italy,17.168954
1824,UK,-5.388756
1824,Netherlands,14.645687
1824,Germany,29.666246
1824,France,11.093786
1824,United States,9.89063
1824,Spain,-25.505981
1824,Japan,20.522388
1825,Italy,3.037301
1825,UK,-14.012831
1825,Netherlands,2.269083
1825,Germany,7.838772
1825,France,4.433417
1825,United States,1.796
1825,Spain,41.300261
1825,Japan,5.164319
1826,Italy,7.116308
1826,UK,9.307513
1826,Netherlands,4.504076
1826,Germany,-9.059362
1826,France,-0.456721
1826,United States,8.875296
1826,Spain,55.066312
1826,Japan,-8.910891
1827,Italy,-0.264278
1827,UK,10.084788
1827,Netherlands,0.895504
1827,Germany,-13.434301
1827,France,-3.052667
1827,United States,-0.197535
1827,Spain,66.347371
1827,Japan,1.363636
1828,Italy,0.150832
1828,UK,6.410611
1828,Netherlands,6.188361
1828,Germany,1.586483
1828,France,2.091104
1828,United States,3.571
1828,Spain,53.06395
1828,Japan,-17.511521
1829,Italy,5.32023
1829,UK,4.389646
1829,Netherlands,-3.417394
1829,Germany,3.997
1829,France,4.396859
1829,United States,1.694
1829,Spain,49.83682
1829,Japan,23.921569
1830,Italy,15.248146
1830,UK,6.994301
1830,Netherlands,0.561001
1830,Germany,-2.583104
1830,France,2.600971
1830,United States,10.107862
1830,Spain,23.263287
1830,Japan,6.185567
1831,Italy,7.725383
1831,UK,-6.184615
1831,Netherlands,4.945318
1831,Germany,-12.124032
1831,France,2.387143
1831,United States,-0.58385
1831,Spain,17.733618
1831,Japan,1.098901
1832,Italy,9.927071
1832,UK,11.009609
1832,Netherlands,11.594587
1832,Germany,10.370641
1832,France,3.406289
1832,United States,1.229685
1832,Spain,16.32114
1832,Japan,-7.222222
1833,Italy,8.96654
1833,UK,9.534566
1833,Netherlands,10.443961
1833,Germany,10.5906
1833,France,12.055768
1833,United States,2.448
1833,Spain,24.050476
1833,Japan,4.145078
1834,Italy,7.136314
1834,UK,11.125954
1834,Netherlands,7.195748
1834,Germany,19.812533
1834,France,7.290089
1834,United States,16.573158
1834,Spain,27.207131
1834,Japan,-5.405405
1835,Italy,1.572346
1835,UK,1.618215
1835,Netherlands,3.226655
1835,Germany,1.317509
1835,France,1.987624
1835,United States,-13.163179
1835,Spain,-0.227645
1835,Japan,3.589744
1836,Italy,-1.966767
1836,UK,-7.654782
1836,Netherlands,3.179324
1836,Germany,6.517614
1836,France,4.137779
1836,United States,-8.478056
1836,Spain,14.240408
1836,Japan,-6.382979
1837,Italy,-8.088472
1837,UK,0.812466
1837,Netherlands,6.791804
1837,Germany,1.278509
1837,France,-0.000723
1837,United States,-1.097624
1837,Spain,9.949285
1837,Japan,3.0
1838,Italy,12.60336
1838,UK,2.531138
1838,Netherlands,0.259907
1838,Germany,-11.818153
1838,France,1.663241
1838,United States,6.338587
1838,Spain,28.486642
1838,Japan,2.061856
1839,Italy,1.825259
1839,UK,-4.008504
1839,Netherlands,-0.384676
1839,Germany,-0.831295
1839,France,-2.253295
1839,United States,5.917
1839,Spain,32.316013
1839,Japan,-0.526316
1840,Italy,5.707966
1840,UK,1.553134
1840,Netherlands,5.585977
1840,Germany,6.00158
1840,France,6.375811
1840,United States,20.755481
1840,Spain,23.254142
1840,Japan,-3.664921
1841,Italy,7.968768
1841,UK,5.683984
1841,Netherlands,5.645358
1841,Germany,8.409251
1841,France,3.743
1841,United States,5.556
1841,Spain,32.035921
1841,Japan,-12.121212
1842,Italy,7.372185
1842,UK,10.888167
1842,Netherlands,2.448232
1842,Germany,-5.488462
1842,France,1.214492
1842,United States,14.348188
1842,Spain,13.465138
1842,Japan,2.702703
1843,Italy,4.817361
1843,UK,14.463593
1843,Netherlands,13.613142
1843,Germany,-0.268917
1843,France,3.643
1843,United States,12.489969
1843,Spain,32.620318
1843,Japan,16.666667
1844,Italy,6.765492
1844,UK,3.142099
1844,Netherlands,9.972264
1844,Germany,14.21953
1844,France,4.761464
1844,United States,3.325658
1844,Spain,21.44698
1844,Japan,-28.333333
1845,Italy,7.865585
1845,UK,-1.828003
1845,Netherlands,-4.96196
1845,Germany,-7.272992
1845,France,-1.634873
1845,United States,1.735696
1845,Spain,27.234849
1845,Japan,-0.4329
1846,Italy,-1.213578
1846,UK,-0.83682
1846,Netherlands,-6.18871
1846,Germany,-18.361358
1846,France,2.54278
1846,United States,-1.407766
1846,Spain,-6.325998
1846,Japan,8.62069
1847,Italy,-3.725114
1847,UK,-8.537597
1847,Netherlands,-2.679949
1847,Germany,-13.898098
1847,France,3.967
1847,United States,6.038
1847,Spain,4.858065
1847,Japan,4.245283
1848,Italy,10.692904
1848,UK,15.621051
1848,Netherlands,22.717528
1848,Germany,38.838988
1848,France,8.931956
1848,United States,17.675158
1848,Spain,63.957655
1848,Japan,10.837438
1849,Italy,6.279475
1849,UK,9.553285
1849,Netherlands,8.248987
1849,Germany,17.196188
1849,France,6.75601
1849,United States,-0.500027
1849,Spain,28.678944
1849,Japan,-6.077348
1850,Italy,16.331197
1850,UK,9.534833
1850,Netherlands,7.048325
1850,Germany,7.100882
1850,France,8.903887
1850,United States,10.817373
1850,Spain,28.352206
1850,Japan,-0.520833
1851,Italy,3.337484
1851,UK,6.112
1851,Netherlands,4.303207
1851,Germany,-12.850237
1851,France,4.545
1851,United States,-12.475179
1851,Spain,1.187799
1851,Japan,-12.435233
1852,Italy,-3.470627
1852,UK,3.031167
1852,Netherlands,0.886517
1852,Germany,-12.862902
1852,France,3.692
1852,United States,5
1852,Spain,8.778908
1852,Japan,11.059908
1853,Italy,-8.36964
1853,UK,-6.198417
1853,Netherlands,-4.03684
1853,Germany,-6.464235
1853,France,-1.222332
1853,United States,-1.691158
1853,Spain,-2.97614
1853,Japan,3.108808
1854,Italy,-35.608398
1854,UK,-11.800083
1854,Netherlands,-5.575802
1854,Germany,-14.945788
1854,France,0.906122
1854,United States,5.172
1854,Spain,6.22816
1854,Japan,-8.02139
1855,Italy,3.741378
1855,UK,0.050333
1855,Netherlands,-3.170818
1855,Germany,-2.19705
1855,France,2.11643
1855,United States,0.495862
1855,Spain,4.982882
1855,Japan,-10.891089
1856,Italy,5.388944
1856,UK,3.230333
1856,Netherlands,9.252829
1856,Germany,7.520525
1856,France,3.384138
1856,United States,3.691789
1856,Spain,-15.621829
1856,Japan,4.017857
1857,Italy,23.204116
1857,UK,8.8845
1857,Netherlands,11.378704
1857,Germany,23.321556
1857,France,5.487372
1857,United States,2.51292
1857,Spain,2.780546
1857,Japan,0.465116
1858,Italy,20.586691
1858,UK,11.513583
1858,Netherlands,8.761638
1858,Germany,9.448568
1858,France,6.581918
1858,United States,6.168744
1858,Spain,5.363832
1858,Japan,-1.401869
1859,Italy,-12.857044
1859,UK,4.995417
1859,Netherlands,6.1702
1859,Germany,4.706
1859,France,4.301
1859,United States,13.543323
1859,Spain,12.752097
1859,Japan,-2.304147
1860,Italy,3.686748
1860,UK,-0.48025
1860,Netherlands,-0.668404
1860,Germany,-1.979622
1860,France,1.90643
1860,United States,9.423919
1860,Spain,-4.302668
1860,Japan,-10.810811
1861,Italy,5.061748
1861,UK,0.58925
1861,Netherlands,-3.289338
1861,Germany,-0.149657
1861,France,3.337138
1861,United States,3.540041
1861,Spain,-0.671758
1861,Japan,-9.756098
1862,Italy,6.120983
1862,UK,5.836417
1862,Netherlands,8.888494
1862,Germany,4.211
1862,France,4.289
1862,United States,-3.305415
1862,Spain,5.532834
1862,Japan,11.851852
1863,Italy,10.328148
1863,UK,6.857417
1863,Netherlands,8.824725
1863,Germany,13.290137
1863,France,3.403915
1863,United States,-7.551742
1863,Spain,2.346488
1863,Japan,0.420168
1864,Italy,10.070355
1864,UK,4.24725
1864,Netherlands,6.012033
1864,Germany,-5.905852
1864,France,4.525
1864,United States,-16.650559
1864,Spain,3.516996
1864,Japan,-32.911392
1865,Italy,10.120882
1865,UK,2.4695
1865,Netherlands,4.268121
1865,Germany,16.305094
1865,France,1.957416
1865,United States,-1.7769
1865,Spain,9.498092
1865,Japan,13.650794
1866,Italy,9.122
1866,UK,-3.072917
1866,Netherlands,-0.770291
1866,Germany,-4.15121
1866,France,2.174124
1866,United States,4.399794
1866,Spain,3.465982
1866,Japan,2.941176
1867,Italy,6.928385
1867,UK,-2.859333
1867,Netherlands,2.40303
1867,Germany,-16.220688
1867,France,4.38
1867,United States,6.322671
1867,Spain,2.753995
1867,Japan,-3.787879
1868,Italy,4.782242
1868,UK,4.918417
1868,Netherlands,5.462582
1868,Germany,4.585
1868,France,4.283
1868,United States,9.157725
1868,Spain,7.721468
1868,Japan,-6.934307
1869,Italy,9.009
1869,UK,8.244583
1869,Netherlands,10.578641
1869,Germany,13.727896
1869,France,6.218795
1869,United States,8.135605
1869,Spain,27.134433
1869,Japan,-29.010239
1870,Italy,6.773123
1870,UK,3.269583
1870,Netherlands,5.257795
1870,Germany,1.306511
1870,France,3.646124
1870,United States,9.6497
1870,Spain,3.535762
1870,Japan,25.997767
1871,Italy,4.169658
1871,UK,1.850083
1871,Netherlands,-0.519658
1871,Germany,-4.774921
1871,France,0.989281
1871,United States,7.451323
1871,Spain,11.558639
1871,Japan,-8.18593
1872,Italy,-5.920585
1872,UK,-1.438417
1872,Netherlands,3.259442
1872,Germany,3.331371
1872,France,6.598014
1872,United States,4.200655
1872,Spain,14.859442
1872,Japan,39.107344
1873,Italy,1.381396
1873,UK,0.15675
1873,Netherlands,3.517478
1873,Germany,-8.953464
1873,France,5.128
1873,United States,7.606893
1873,Spain,14.762059
1873,Japan,-14.242937
1874,Italy,4.567494
1874,UK,6.5625
1874,Netherlands,5.385976
1874,Germany,2.558052
1874,France,4.835
1874,United States,5.112
1874,Spain,13.081519
1874,Japan,-47.954016
1875,Italy,21.109669
1875,UK,5.114833
1875,Netherlands,8.960841
1875,Germany,14.648355
1875,France,6.770775
1875,United States,9.502093
1875,Spain,17.475376
1875,Japan,6.667
1876,Italy,1.27217
1876,UK,3.47325
1876,Netherlands,-0.969711
1876,Germany,1.377006
1876,France,0.925617
1876,United States,8.594537
1876,Spain,21.317109
1876,Japan,37.730745
1877,Italy,3.069443
1877,UK,3.86225
1877,Netherlands,1.408055
1877,Germany,2.133897
1877,France,4.152
1877,United States,10.248114
1877,Spain,22.801201
1877,Japan,-3.819306
1878,Italy,8.869571
1878,UK,5.371167
1878,Netherlands,6.520836
1878,Germany,11.33237
1878,France,5.946027
1878,United States,10.738757
1878,Spain,23.594897
1878,Japan,-2.466876
1879,Italy,7.491376
1879,UK,7.490167
1879,Netherlands,5.909228
1879,Germany,0.225316
1879,France,3.681
1879,United States,-3.386377
1879,Spain,14.128893
1879,Japan,-24.441917
1880,Italy,2.232335
1880,UK,0.058667
1880,Netherlands,4.592067
1880,Germany,-0.457311
1880,France,2.507329
1880,United States,-0.493054
1880,Spain,18.021873
1880,Japan,-26.281221
1881,Italy,11.707107
1881,UK,4.0255
1881,Netherlands,4.606204
1881,Germany,1.89642
1881,France,4.594237
1881,United States,-1.808805
1881,Spain,4.190934
1881,Japan,6.306
1882,Italy,9.471494
1882,UK,1.94025
1882,Netherlands,6.283789
1882,Germany,7.326008
1882,France,3.759
1882,United States,5.789136
1882,Spain,5.955747
1882,Japan,21.718719
1883,Italy,7.657868
1883,UK,3.351333
1883,Netherlands,6.739642
1883,Germany,3.44
1883,France,1.930659
1883,United States,5.755646
1883,Spain,10.018572
1883,Japan,33.782201
1884,Italy,7.116387
1884,UK,5.434
1884,Netherlands,7.64213
1884,Germany,10.359136
1884,France,3.812
1884,United States,7.148104
1884,Spain,6.215252
1884,Japan,27.526239
1885,Italy,3.272137
1885,UK,5.86325
1885,Netherlands,8.210503
1885,Germany,3.349
1885,France,5.757027
1885,United States,4.577351
1885,Spain,7.755322
1885,Japan,-21.720189
1886,Italy,4.99
1886,UK,4.430833
1886,Netherlands,4.91639
1886,Germany,3.302
1886,France,3.645
1886,United States,3.105
1886,Spain,9.892673
1886,Japan,19.285906
1887,Italy,6.148194
1887,UK,3.248667
1887,Netherlands,3.793903
1887,Germany,2.551642
1887,France,4.929059
1887,United States,0.435274
1887,Spain,7.971883
1887,Japan,17.979245
1888,Italy,3.271148
1888,UK,1.943417
1888,Netherlands,5.927174
1888,Germany,2.383882
1888,France,2.377572
1888,United States,3.122
1888,Spain,3.830314
1888,Japan,11.186815
1889,Italy,4.342133
1889,UK,1.2455
1889,Netherlands,0.826644
1889,Germany,-5.055045
1889,France,4.649059
1889,United States,4.479333
1889,Spain,4.786138
1889,Japan,-21.464369
1890,Italy,1.478725
1890,UK,2.486583
1890,Netherlands,1.276392
1890,Germany,7.092937
1890,France,3.165
1890,United States,1.912649
1890,Spain,8.503961
1890,Japan,-9.744006
1891,Italy,5.482
1891,UK,2.00375
1891,Netherlands,-1.195362
1891,Germany,-1.184505
1891,France,1.903572
1891,United States,3.402
1891,Spain,7.240541
1891,Japan,26.256465
1892,Italy,6.191744
1892,UK,2.269
1892,Netherlands,6.242532
1892,Germany,5.065493
1892,France,4.339059
1892,United States,4.832333
1892,Spain,4.350892
1892,Japan,25.566831
1893,Italy,8.329237
1893,UK,3.3185
1893,Netherlands,9.133928
1893,Germany,5.768683
1893,France,4.096478
1893,United States,3.493
1893,Spain,3.914723
1893,Japan,32.886906
1894,Italy,5.569
1894,UK,4.537833
1894,Netherlands,4.78036
1894,Germany,3.974725
1894,France,1.897604
1894,United States,6.169703
1894,Spain,10.275921
1894,Japan,11.024872
1895,Italy,6.467703
1895,UK,3.4065
1895,Netherlands,4.193435
1895,Germany,3.061
1895,France,4.020478
1895,United States,4.957889
1895,Spain,8.073292
1895,Japan,5.263782
1896,Italy,5.259
1896,UK,2.601333
1896,Netherlands,4.116059
1896,Germany,3.868193
1896,France,2.928
1896,United States,3.342
1896,Spain,-0.631427
1896,Japan,0.888902
1897,Italy,5.138
1897,UK,0.763667
1897,Netherlands,1.285503
1897,Germany,-3.321377
1897,France,5.011795
1897,United States,3.099
1897,Spain,11.784269
1897,Japan,-9.798433
1898,Italy,5.003
1898,UK,1.989167
1898,Netherlands,2.046952
1898,Germany,7.070008
1898,France,1.870064
1898,United States,1.707549
1898,Spain,11.524988
1898,Japan,1.462422
1899,Italy,6.034313
1899,UK,1.678167
1899,Netherlands,4.626864
1899,Germany,1.822622
1899,France,3.027
1899,United States,-1.181667
1899,Spain,6.049
1899,Japan,3.58268
1900,Italy,4.097375
1900,UK,-2.552583
1900,Netherlands,-0.409393
1900,Germany,0.266915
1900,France,1.894451
1900,United States,1.563667
1900,Spain,-4.337686
1900,Japan,3.125871
1901,Italy,4.97
1901,UK,2.190667
1901,Netherlands,-0.736289
1901,Germany,2.576739
1901,France,2.999
1901,United States,0.233421
1901,Spain,4.336113
1901,Japan,17.463723
1902,Italy,4.916
1902,UK,2.6755
1902,Netherlands,4.071045
1902,Germany,4.075434
1902,France,3.015
1902,United States,0.387897
1902,Spain,3.073974
1902,Japan,-0.753393
1903,Italy,2.975712
1903,UK,2.387
1903,Netherlands,0.078728
1903,Germany,2.557739
1903,France,4.125399
1903,United States,2.98
1903,Spain,1.531326
1903,Japan,-12.502258
1904,Italy,3.900826
1904,UK,3.06025
1904,Netherlands,1.882502
1904,Germany,2.610449
1904,France,3.072
1904,United States,1.805
1904,Spain,7.978081
1904,Japan,-9.005461
1905,Italy,3.88662
1905,UK,2.4105
1905,Netherlands,2.223009
1905,Germany,-1.748154
1905,France,3.027
1905,United States,0.595864
1905,Spain,0.861346
1905,Japan,-22.795246
1906,Italy,3.020755
1906,UK,2.8585
1906,Netherlands,0.968987
1906,Germany,-2.134028
1906,France,2.084451
1906,United States,-1.757277
1906,Spain,4.954491
1906,Japan,23.708147
1907,Italy,-1.818982
1907,UK,1.799083
1907,Netherlands,-0.178822
1907,Germany,2.979518
1907,France,1.887469
1907,United States,-0.072276
1907,Spain,-4.507103
1907,Japan,15.21791
1908,Italy,4.523453
1908,UK,2.425083
1908,Netherlands,2.040323
1908,Germany,3.529
1908,France,2.06368
1908,United States,10.108721
1908,Spain,9.446848
1908,Japan,6.547501
1909,Italy,6.254437
1909,UK,2.51525
1909,Netherlands,2.442703
1909,Germany,0.96283
1909,France,3.041
1909,United States,-9.812341
1909,Spain,9.902189
1909,Japan,6.037005
1910,Italy,0.938392
1910,UK,2.219667
1910,Netherlands,0.644885
1910,Germany,3.571
1910,France,2.063329
1910,United States,3.471
1910,Spain,4.691971
1910,Japan,3.27114
1911,Italy,1.97646
1911,UK,3.086833
1911,Netherlands,0.954697
1911,Germany,-4.104129
1911,France,-1.087252
1911,United States,1.422737
1911,Spain,6.471063
1911,Japan,-12.766898
1912,Italy,1.850286
1912,UK,0.319917
1912,Netherlands,2.057566
1912,Germany,0.335514
1912,France,3.361
1912,United States,0.420216
1912,Spain,8.322604
1912,Japan,-1.079499
1913,Italy,3.589
1913,UK,3.8275
1913,Netherlands,3.841741
1913,Germany,7.438073
1913,France,3.509
1913,United States,1.538184
1913,Spain,6.87017
1913,Japan,18.335285
1914,Italy,4
1914,UK,3.782333
1914,Netherlands,3.704
1914,Germany,-18.031976
1914,France,2.211726
1914,United States,2.645
1914,Spain,2.712976
1914,Japan,21.262298
1915,Italy,-4.293253
1915,UK,-8.642
1915,Netherlands,-11.200944
1915,Germany,-6.414824
1915,France,-15.37055
1915,United States,1.635802
1915,Spain,8.006909
1915,Japan,1.002029
1916,Italy,-19.864431
1916,UK,-13.7835
1916,Netherlands,-7.516242
1916,Germany,6.557
1916,France,-10.050195
1916,United States,-9.009359
1916,Spain,-5.511678
1916,Japan,-19.575239
1917,Italy,-39.611694
1917,UK,-20.61775
1917,Netherlands,-2.344045
1917,Germany,5.97
1917,France,-28.112976
1917,United States,-13.987448
1917,Spain,-11.016633
1917,Japan,-40.025508
1918,Italy,-32.776513
1918,UK,-17.571333
1918,Netherlands,-14.88065
1918,Germany,5.97
1918,France,-24.024111
1918,United States,-16.184956
1918,Spain,-6.716274
1918,Japan,-65.342039
1919,Italy,2.411047
1919,UK,-5.462833
1919,Netherlands,-7.325131
1919,Germany,6.394
1919,France,-15.199929
1919,United States,-9.645455
1919,Spain,-6.426586
1919,Japan,-0.661596
1920,Italy,-52.091766
1920,UK,-10.034
1920,Netherlands,-1.342716
1920,Germany,5.978
1920,France,-43.689232
1920,United States,2.754497
1920,Spain,-5.065363
1920,Japan,33.680005
1921,Italy,-6.76206
1921,UK,13.79975
1921,Netherlands,19.959928
1921,Germany,5.701
1921,France,29.323569
1921,United States,15.294742
1921,Spain,10.654832
1921,Japan,30.194584
1922,Italy,-14.626432
1922,UK,18.391583
1922,Netherlands,13.215162
1922,Germany,2.451
1922,France,10.647073
1922,United States,6.632139
1922,Spain,7.81672
1922,Japan,23.160059
1923,Italy,5.640203
1923,UK,10.296167
1923,Netherlands,5.292653
1923,Germany,0
1923,France,-14.040141
1923,United States,1.983136
1923,Spain,2.780019
1923,Japan,0.819389
1924,Italy,-10.451658
1924,UK,5.073333
1924,Netherlands,3.798275
1924,Germany,11.269567
1924,France,-4.656654
1924,United States,3.96
1924,Spain,1.319175
1924,Japan,13.82273
1925,Italy,-8.601614
1925,UK,4.139333
1925,Netherlands,6.531067
1925,Germany,3.626125
1925,France,-8.313814
1925,United States,0.331792
1925,Spain,9.488614
1925,Japan,23.237725
1926,Italy,4.653705
1926,UK,5.324917
1926,Netherlands,9.31451
1926,Germany,3.284222
1926,France,-23.777804
1926,United States,4.677318
1926,Spain,0.362537
1926,Japan,17.056738
1927,Italy,24.191278
1927,UK,6.958083
1927,Netherlands,3.006935
1927,Germany,1.179447
1927,France,17.617546
1927,United States,5.429887
1927,Spain,9.280932
1927,Japan,7.143642
1928,Italy,3.714438
1928,UK,4.765417
1928,Netherlands,4.84391
1928,Germany,5.334319
1928,France,-9.44589
1928,United States,4.606069
1928,Spain,4.743367
1928,Japan,3.764107
1929,Italy,3.174366
1929,UK,5.4675
1929,Netherlands,4.307783
1929,Germany,6.545713
1929,France,0.596204
1929,United States,2.775205
1929,Spain,8.718546
1929,Japan,14.846596
1930,Italy,16.420282
1930,UK,7.24775
1930,Netherlands,10.151315
1930,Germany,13.388613
1930,France,-2.155634
1930,United States,9.615349
1930,Spain,-6.837604
1930,Japan,24.095987
1931,Italy,8.594171
1931,UK,8.697417
1931,Netherlands,11.839336
1931,Germany,13.766894
1931,France,17.963726
1931,United States,13.24677
1931,Spain,5.487013
1931,Japan,9.38956
1932,Italy,6.492284
1932,UK,6.352417
1932,Netherlands,6.993344
1932,Germany,16.932938
1932,France,13.275352
1932,United States,13.623973
1932,Spain,18.578449
1932,Japan,-3.69424
1933,Italy,7.326076
1933,UK,5.48
1933,Netherlands,1.899576
1933,Germany,4.62977
1933,France,2.691063
1933,United States,2.766641
1933,Spain,5.828381
1933,Japan,2.775964
1934,Italy,10.814187
1934,UK,3.076842
1934,Netherlands,5.828151
1934,Germany,5.002975
1934,France,13.898081
1934,United States,1.474848
1934,Spain,3.230149
1934,Japan,3.796363
1935,Italy,-3.112609
1935,UK,2.204417
1935,Netherlands,4.902913
1935,Germany,3.718114
1935,France,10.011257
1935,United States,-0.165075
1935,Spain,8.499455
1935,Japan,0.620892
1936,Italy,-0.614024
1936,UK,2.24125
1936,Netherlands,5.493953
1936,Germany,3.910917
1936,France,-18.695296
1936,United States,1.070725
1936,Spain,3.30698
1936,Japan,-0.472216
1937,Italy,-9.661359
1937,UK,-0.100833
1937,Netherlands,-1.333397
1937,Germany,4.127836
1937,France,-19.087294
1937,United States,-0.177143
1937,Spain,0
1937,Japan,-8.270881
1938,Italy,3.159225
1938,UK,1.807167
1938,Netherlands,3.693503
1938,Germany,4.046529
1938,France,-9.167027
1938,United States,5.257778
1938,Spain,0
1938,Japan,-12.284337
1939,Italy,1.654201
1939,UK,0.92925
1939,Netherlands,-1.993577
1939,Germany,3.679989
1939,France,-6.7246
1939,United States,2.3
1939,Spain,-61.020397
1939,Japan,-9.623369
1940,Italy,-12.504764
1940,UK,-13.415417
1940,Netherlands,-11.193323
1940,Germany,0.999289
1940,France,-13.495977
1940,United States,1.165714
1940,Spain,-20.992211
1940,Japan,-4.77317
1941,Italy,-11.132318
1941,UK,-7.684083
1941,Netherlands,-4.119033
1941,Germany,2.583191
1941,France,-14.465543
1941,United States,-7.859078
1941,Spain,-18.354723
1941,Japan,1.320446
1942,Italy,-11.582058
1942,UK,-4.076833
1942,Netherlands,-0.82269
1942,Germany,2.266893
1942,France,-19.929641
1942,United States,-6.922258
1942,Spain,5.224539
1942,Japan,1.611856
1943,Italy,-62.841086
1943,UK,-0.301667
1943,Netherlands,0.180409
1943,Germany,2.282698
1943,France,-27.122172
1943,United States,-0.83858
1943,Spain,2.392349
1943,Japan,-4.448368
1944,Italy,-489.126957
1944,UK,0.434667
1944,Netherlands,-6.324362
1944,Germany,-1.890859
1944,France,-17.018437
1944,United States,-0.198851
1944,Spain,0.174559
1944,Japan,-14.11656
1945,Italy,-92.731592
1945,UK,0.09175
1945,Netherlands,-17.546155
1945,Germany,-4.677696
1945,France,-58.642547
1945,United States,-0.577191
1945,Spain,-9.214258
1945,Japan,-14.19056
1946,Italy,-27.945167
1946,UK,-0.509167
1946,Netherlands,-6.527035
1946,Germany,-5.783802
1946,France,-70.67265
1946,United States,-16.311868
1946,Spain,-4.1606
1946,Japan,-14.19056
1947,Italy,-39.622
1947,UK,-4.230833
1947,Netherlands,0.551778
1947,Germany,1.69226
1947,France,-52.016979
1947,United States,-6.657209
1947,Spain,-4.938884
1947,Japan,-14.19056
1948,Italy,4.775098
1948,UK,-4.4925
1948,Netherlands,-2.831675
1948,Germany,-13.713251
1948,France,-37.742724
1948,United States,-0.871453
1948,Spain,0.922641
1948,Japan,-55.794333
1949,Italy,7.790957
1949,UK,0.5
1949,Netherlands,-2.476693
1949,Germany,12.231835
1949,France,5.412678
1949,United States,3.874689
1949,Spain,-2.826195
1949,Japan,0.551322
1950,Italy,-0.565306
1950,UK,0.445833
1950,Netherlands,-6.102046
1950,Germany,8.48179
1950,France,-2.773786
1950,United States,-3.752203
1950,Spain,-6.683128
1950,Japan,6.287402
1951,Italy,-3.108407
1951,UK,-5.3525
1951,Netherlands,-1.96428
1951,Germany,-7.425364
1951,France,-16.062627
1951,United States,-3.49
1951,Spain,1.496245
1951,Japan,-13.547619
1952,Italy,1.672832
1952,UK,-4.965
1952,Netherlands,0.759184
1952,Germany,-0.012005
1952,France,3.912583
1952,United States,1.765283
1952,Spain,6.307888
1952,Japan,5.5
1953,Italy,4.682224
1953,UK,0.9825
1953,Netherlands,3.17
1953,Germany,7.979668
1953,France,7.498296
1953,United States,1.840936
1953,Spain,4.000201
1953,Japan,-1.152333
1954,Italy,2.6804
1954,UK,1.955833
1954,Netherlands,-5.450326
1954,Germany,2.219549
1954,France,3.248022
1954,United States,3.253494
1954,Spain,1.650703
1954,Japan,5.126395
1955,Italy,-3.872412
1955,UK,-0.324167
1955,Netherlands,5.343743
1955,Germany,3.63318
1955,France,4.468566
1955,United States,2.585468
1955,Spain,1.362105
1955,Japan,9.783432
1956,Italy,4.208126
1956,UK,-0.160833
1956,Netherlands,-0.622488
1956,Germany,5.662499
1956,France,4.298344
1956,United States,0.604925
1956,Spain,-3.451565
1956,Japan,5.50479
1957,Italy,5.154206
1957,UK,1.305
1957,Netherlands,-2.325655
1957,Germany,5.569241
1957,France,-4.169122
1957,United States,0.311449
1957,Spain,-9.083212
1957,Japan,9.445614
1958,Italy,5.634368
1958,UK,1.983333
1958,Netherlands,5.157859
1958,Germany,4.80345
1958,France,-3.367309
1958,United States,2.099437
1958,Spain,-6.312242
1958,Japan,8.4
1959,Italy,3.715377
1959,UK,4.225
1959,Netherlands,1.050743
1959,Germany,4.031066
1959,France,-0.769162
1959,United States,2.959896
1959,Spain,1.806401
1959,Japan,8.401149
1960,Italy,4.125056
1960,UK,4.45775
1960,Netherlands,4.34
1960,Germany,5.350327
1960,France,1.383551
1960,United States,2.479456
1960,Spain,5.204522
1960,Japan,6.167416
1961,Italy,2.662513
1961,UK,2.8695
1961,Netherlands,2.561902
1961,Germany,3.263384
1961,France,1.100989
1961,United States,3.388859
1961,Spain,3.228247
1961,Japan,6.171351
1962,Italy,-0.591742
1962,UK,1.679083
1962,Netherlands,1.494902
1962,Germany,3.231351
1962,France,0.638452
1962,United States,2.516667
1962,Spain,-4.854917
1962,Japan,4.317363
1963,Italy,-0.177377
1963,UK,3.588333
1963,Netherlands,0.735827
1963,Germany,2.613358
1963,France,-0.11689
1963,United States,2.495263
1963,Spain,-0.027256
1963,Japan,3.427925
1964,Italy,1.399706
1964,UK,2.76
1964,Netherlands,0.05309
1964,Germany,4.280761
1964,France,2.879301
1964,United States,3.239126
1964,Spain,-6.927893
1964,Japan,5.385556
1965,Italy,3.348979
1965,UK,1.633333
1965,Netherlands,-1.15391
1965,Germany,3.737515
1965,France,2.24001
1965,United States,2.726923
1965,Spain,-3.074153
1965,Japan,1.727021
1966,Italy,4.259429
1966,UK,2.9175
1966,Netherlands,2.355446
1966,Germany,4.796033
1966,France,2.693244
1966,United States,1.180881
1966,Spain,1.744756
1966,Japan,2.46
1967,Italy,3.64289
1967,UK,4.23
1967,Netherlands,2.253007
1967,Germany,6.251179
1967,France,2.259056
1967,United States,2.660486
1967,Spain,0.682017
1967,Japan,1.232874
1968,Italy,5.693977
1968,UK,2.759167
1968,Netherlands,2.627784
1968,Germany,4.089173
1968,France,0.688311
1968,United States,1.440236
1968,Spain,4.657645
1968,Japan,3.426812
1969,Italy,3.213334
1969,UK,3.540833
1969,Netherlands,1.255203
1969,Germany,5.40157
1969,France,0.858862
1969,United States,1.682817
1969,Spain,4.443786
1969,Japan,0.486643
1970,Italy,3.736364
1970,UK,2.833333
1970,Netherlands,2.785535
1970,Germany,4.016759
1970,France,2.153609
1970,United States,0.929708
1970,Spain,2.927616
1970,Japan,-0.300984
1971,Italy,3.357295
1971,UK,-0.359167
1971,Netherlands,-0.666832
1971,Germany,2.356961
1971,France,1.353728
1971,United States,2.623668
1971,Spain,-0.454118
1971,Japan,2.361951
1972,Italy,0.063715
1972,UK,2.098333
1972,Netherlands,-0.434197
1972,Germany,2.168337
1972,France,1.335673
1972,United States,3.003674
1972,Spain,1.146194
1972,Japan,1.484442
1973,Italy,-5.07174
1973,UK,1.71
1973,Netherlands,0.771658
1973,Germany,1.840038
1973,France,1.164586
1973,United States,-1.805882
1973,Spain,-4.894688
1973,Japan,-11.758773
1974,Italy,-12.347682
1974,UK,-0.826667
1974,Netherlands,-1.799801
1974,Germany,4.04917
1974,France,-3.95309
1974,United States,-4.937662
1974,Spain,-6.114254
1974,Japan,-13.395745
1975,Italy,0.394744
1975,UK,-9.599167
1975,Netherlands,-0.471573
1975,Germany,3.090629
1975,France,0.546909
1975,United States,0.823584
1975,Spain,-2.384867
1975,Japan,0.227
1976,Italy,-6.55154
1976,UK,-2.2725
1976,Netherlands,-0.11883
1976,Germany,3.797432
1976,France,1.179099
1976,United States,1.945135
1976,Spain,-7.710223
1976,Japan,-2.002277
1977,Italy,0.268944
1977,UK,-3.608333
1977,Netherlands,2.935919
1977,Germany,2.66581
1977,France,2.094503
1977,United States,1.078969
1977,Spain,-13.163936
1977,Japan,1.723
1978,Italy,2.072271
1978,UK,3.726667
1978,Netherlands,4.308542
1978,Germany,4.234703
1978,France,0.224974
1978,United States,0.132287
1978,Spain,-4.775965
1978,Japan,2.673902
1979,Italy,-4.202675
1979,UK,-2.054167
1979,Netherlands,4.653768
1979,Germany,2.423267
1979,France,0.799958
1979,United States,-2.963944
1979,Spain,-0.425634
1979,Japan,1.698535
1980,Italy,-2.67133
1980,UK,-6.070833
1980,Netherlands,3.572185
1980,Germany,3.544858
1980,France,0.58194
1980,United States,-0.086297
1980,Spain,1.019706
1980,Japan,1.328619
1981,Italy,3.306088
1981,UK,1.111667
1981,Netherlands,4.234526
1981,Germany,2.981892
1981,France,2.548384
1981,United States,3.543055
1981,Spain,1.35301
1981,Japan,3.839844
1982,Italy,4.057312
1982,UK,3.140833
1982,Netherlands,3.319573
1982,Germany,3.302755
1982,France,5.709049
1982,United States,6.847142
1982,Spain,1.541523
1982,Japan,5.954328
1983,Italy,5.392152
1983,UK,5.650833
1983,Netherlands,5.550626
1983,Germany,5.728586
1983,France,3.868448
1983,United States,7.94347
1983,Spain,5.008953
1983,Japan,5.680598
1984,Italy,5.158779
1984,UK,5.173333
1984,Netherlands,4.630854
1984,Germany,5.05408
1984,France,5.200106
1984,United States,8.089912
1984,Spain,4.893271
1984,Japan,4.058944
1985,Italy,4.932355
1985,UK,3.99
1985,Netherlands,5.099815
1985,Germany,4.539783
1985,France,5.797088
1985,United States,7.091898
1985,Spain,4.142682
1985,Japan,4.85345
1986,Italy,6.065411
1986,UK,6.063333
1986,Netherlands,6.34126
1986,Germany,7.020755
1986,France,7.039121
1986,United States,5.72891
1986,Spain,3.187189
1986,Japan,5.822394
1987,Italy,5.445195
1987,UK,5.115
1987,Netherlands,7.034104
1987,Germany,5.400779
1987,France,6.844491
1987,United States,4.81447
1987,Spain,8.020801
1987,Japan,4.445963
1988,Italy,5.410811
1988,UK,4.223333
1988,Netherlands,5.335179
1988,Germany,4.911395
1988,France,5.539385
1988,United States,4.74796
1988,Spain,6.486462
1988,Japan,3.756212
1989,Italy,7.503849
1989,UK,1.460833
1989,Netherlands,6.580441
1989,Germany,3.996659
1989,France,5.816777
1989,United States,3.70263
1989,Spain,5.972182
1989,Japan,3.048421
1990,Italy,7.035827
1990,UK,1.379167
1990,Netherlands,6.555453
1990,Germany,6.260238
1990,France,6.759067
1990,United States,3.13318
1990,Spain,6.252746
1990,Japan,3.029588
1991,Italy,7.009547
1991,UK,4.089167
1991,Netherlands,4.924971
1991,Germany,4.764143
1991,France,5.602127
1991,United States,3.64661
1991,Spain,5.728948
1991,Japan,2.937304
1992,Italy,8.748677
1992,UK,5.463333
1992,Netherlands,4.940022
1992,Germany,3.86062
1992,France,6.194425
1992,United States,3.967225
1992,Spain,7.091661
1992,Japan,4.024054
1993,Italy,4.487879
1993,UK,6.0875
1993,Netherlands,2.897966
1993,Germany,1.282247
1993,France,3.532827
1993,United States,2.89663
1993,Spain,3.185197
1993,Japan,2.370984
1994,Italy,8.749773
1994,UK,5.7775
1994,Netherlands,5.123568
1994,Germany,5.05443
1994,France,6.714651
1994,United States,4.489581
1994,Spain,7.463799
1994,Japan,4.096125
1995,Italy,5.640993
1995,UK,4.743333
1995,Netherlands,4.366701
1995,Germany,4.522462
1995,France,4.584705
1995,United States,3.7685
1995,Spain,5.410026
1995,Japan,3.691247
1996,Italy,4.685321
1996,UK,5.6325
1996,Netherlands,3.323866
1996,Germany,4.274851
1996,France,4.099483
1996,United States,3.506862
1996,Spain,3.659156
1996,Japan,2.276125
1997,Italy,3.735238
1997,UK,4.025833
1997,Netherlands,2.984497
1997,Germany,3.226829
1997,France,4.219217
1997,United States,4.01639
1997,Spain,3.624313
1997,Japan,0.059509
1998,Italy,2.337757
1998,UK,2.132583
1998,Netherlands,2.190985
1998,Germany,3.511577
1998,France,3.682107
1998,United States,3.71587
1998,Spain,2.574562
1998,Japan,1.527992
1999,Italy,3.476029
1999,UK,3.346083
1999,Netherlands,3.3578
1999,Germany,4.159524
1999,France,4.196643
1999,United States,3.452995
1999,Spain,2.622769
1999,Japan,2.888801
2000,Italy,2.55973
2000,UK,1.912917
2000,Netherlands,2.37426
2000,Germany,2.96
2000,France,3.407964
2000,United States,2.663599
2000,Spain,1.232963
2000,Japan,2.155561
2001,Italy,2.903655
2001,UK,3.254333
2001,Netherlands,0.957515
2001,Germany,3.385236
2001,France,3.645458
2001,United States,2.204055
2001,Spain,2.471463
2001,Japan,2.976016
2002,Italy,1.604658
2002,UK,3.34675
2002,Netherlands,1.484902
2002,Germany,3.064926
2002,France,2.021731
2002,United States,3.01741
2002,Spain,0.291389
2002,Japan,1.219917
2003,Italy,1.928082
2003,UK,1.984833
2003,Netherlands,2.596647
2003,Germany,3.169666
2003,France,2.128007
2003,United States,1.71588
2003,Spain,1.690478
2003,Japan,1.784508
2004,Italy,1.801131
2004,UK,1.773583
2004,Netherlands,2.545487
2004,Germany,1.463244
2004,France,1.633266
2004,United States,1.60375
2004,Spain,0.483054
2004,Japan,1.127825
2005,Italy,1.518554
2005,UK,1.63875
2005,Netherlands,1.205552
2005,Germany,1.888491
2005,France,1.702299
2005,United States,0.92305
2005,Spain,-0.422998
2005,Japan,2.206141
2006,Italy,2.274464
2006,UK,1.041083
2006,Netherlands,2.893697
2006,Germany,2.548137
2006,France,2.486618
2006,United States,1.57291
2006,Spain,1.272455
2006,Japan,1.262027
2007,Italy,2.046636
2007,UK,0.332083
2007,Netherlands,2.490252
2007,Germany,1.145101
2007,France,1.883889
2007,United States,1.764111
2007,Spain,0.209408
2007,Japan,0.523476
2008,Italy,2.141522
2008,UK,0.591417
2008,Netherlands,1.603583
2008,Germany,1.814104
2008,France,2.420326
2008,United States,-0.150687
2008,Spain,2.377826
2008,Japan,0.757629
2009,Italy,3.118356
2009,UK,5.045
2009,Netherlands,2.434207
2009,Germany,2.560283
2009,France,2.67553
2009,United States,3.58448
2009,Spain,3.180492
2009,Japan,3.148049
2010,Italy,2.935029
2010,UK,0.038583
2010,Netherlands,1.20493
2010,Germany,1.674779
2010,France,1.594938
2010,United States,1.57502
2010,Spain,2.465364
2010,Japan,1.54841
2011,Italy,3.732704
2011,UK,-0.838397
2011,Netherlands,-0.242787
2011,Germany,-0.152161
2011,France,0.690978
2011,United States,-0.35801
2011,Spain,2.712077
2011,Japan,1.200084
2012,Italy,2.224525
2012,UK,0.570414
2012,Netherlands,-1.384738
2012,Germany,-0.740816
2012,France,0.917257
2012,United States,-0.26975
2012,Spain,2.440909
2012,Japan,0.895263
2013,Italy,3.431723
2013,UK,1.221772
2013,Netherlands,0.584186
2013,Germany,0.455
2013,France,1.725643
2013,United States,0.88419
2013,Spain,3.852368
2013,Japan,0.394
2014,Italy,1.64
2014,UK,0.169
2014,Netherlands,-0.305
2014,Germany,-0.35
2014,France,0.327
2014,United States,0.92775
2014,Spain,1.76
2014,Japan,-2.562562
2015,Italy,1.566
2015,UK,0.901
2015,Netherlands,0.194
2015,Germany,0.126
2015,France,0.955
2015,United States,2.017357
2015,Spain,2.281
2015,Japan,0.071197
2016,Italy,1.891
2016,UK,-0.39
2016,Netherlands,0.006
2016,Germany,-0.302
2016,France,0.475
2016,United States,0.57585
2016,Spain,1.552
2016,Japan,0.161
2017,Italy,0.743
2017,UK,-2.36
2017,Netherlands,-0.849
2017,Germany,-1.09
2017,France,-0.258
2017,United States,0.19082
2017,Spain,-0.425
2017,Japan,-0.419
2018,Italy,0.845
2018,UK,-1.84
2018,Netherlands,-1.044
2018,Germany,-1.112
2018,France,-0.989
2018,United States,0.4
2018,Spain,-0.301
2018,Japan,-0.9309
