year,global_nominal_7y,global_inflation_7y,global_real_7y,safe_nominal_7y,safe_inflation_7y,safe_real_7y,global_nominal,global_inflation,global_real,safe_nominal,safe_inflation,safe_real
1311,,,,,,,,47.971874,,,,
1312,,,,,,,,-13.676137,,,,
1313,,,,,,,,-0.502036,,,,
1314,,7.121745,,,,,10.699792,-9.635738,20.33553,7.813421,-14.285714,22.099135
1315,,-0.476117,,,,,10.798326,-18.506613,29.304939,7.937123,-25,32.937123
1316,,-0.997064,,,,,10.907013,8.460693,2.44632,8.073571,0,8.073571
1317,10.71795,-2.631152,13.349102,7.836217,-4.058243,11.894461,10.81756,35.740173,-24.922613,7.96127,44.444444,-36.483175
1318,10.662962,-2.314103,12.977065,7.767184,-3.604729,11.371912,10.728107,-5.213163,15.94127,7.848968,0,7.848968
1319,10.576565,9.8771,0.699465,7.658719,10.680986,-3.022267,10.638654,-17.322765,27.961419,7.736667,-15.384615,23.121282
1320,10.45731,12.328262,-1.870952,7.509002,15.783026,-8.274024,10.436199,-11.940651,22.37685,7.4825,-18.181818,25.664318
1321,10.36416,4.403162,5.960998,7.39206,6.426301,0.965759,10.314874,-7.416399,17.731273,7.330185,-11.111111,18.441296
1322,10.303406,2.338424,7.964982,7.315788,2.616778,4.69901,10.193549,66.831814,-56.638265,7.17787,75,-67.82213
1323,10.184419,3.887129,6.29729,7.25805,3.515878,3.742171,10.072224,25.618824,-15.5466,7.025556,35.714286,-28.68873
1324,10.105278,6.033466,4.071812,7.22086,7.445117,-0.224257,10.165514,-19.735527,29.901041,7.142674,-21.052632,28.195306
1325,10.06199,8.099634,1.962356,7.189668,10.656332,-3.466664,10.302828,-19.66633,29.969158,7.315062,-26.666667,33.981728
1326,10.051417,1.108969,8.942448,7.164475,4.583698,2.580777,9.805742,-6.481827,16.287569,7.3325,-9.090909,16.423409
1327,10.169439,-2.86412,13.033559,7.145279,-1.182266,8.327545,9.882212,3.083705,6.798507,7.222172,9.322854,-2.100682
1328,10.358311,-1.806563,12.164874,7.093592,-1.961787,9.055379,10.011859,7.04678,2.965079,7.111844,11.367392,-4.255548
1329,10.313374,0.350405,9.962969,6.997945,0.461599,6.536345,10.11954,17.897157,-7.777617,7.001516,32.491558,-25.490042
1330,10.45312,2.397349,8.055771,6.88502,4.592678,2.292342,10.898378,-2.192797,13.091174,6.891188,-4.647459,11.538647
1331,10.5753,2.273389,8.301911,6.786081,4.073137,2.712944,11.487617,-12.332633,23.82025,6.78086,-26.50928,33.29014
1332,10.720464,1.513041,9.207423,6.713357,2.421322,4.292036,9.988269,-4.567551,14.55582,6.645532,-9.702962,16.348493
1333,10.916405,-0.769327,11.685731,6.715845,-2.361932,9.077777,10.783963,7.84678,2.937183,6.542032,19.826644,-13.284613
1334,11.039258,-0.300762,11.34002,6.698892,-1.712276,8.411169,10.737473,2.215987,8.521487,6.529596,5.686064,0.843532
1335,11.071907,1.510104,9.561802,6.688056,1.999002,4.689053,11.028007,1.724344,9.303662,6.602779,-0.195315,6.798094
1336,10.913249,2.948211,7.965037,6.686906,3.773428,2.913479,11.491124,1.920582,9.570542,7.01893,-0.991217,8.010147
1337,10.70982,1.410614,9.299206,6.698766,0.887688,5.811078,11.758353,1.08716,10.671193,6.772518,-0.099869,6.872387
1338,10.473154,-0.254874,10.728028,6.71669,0.221665,6.495025,11.716159,0.343429,11.372729,6.705002,-0.53033,7.235333
1339,10.492755,-1.324907,11.817662,6.720448,-0.225551,6.945999,8.877661,5.499197,3.378464,6.637486,2.718017,3.919469
1340,10.458175,-1.214238,11.672413,6.66703,0.473595,6.193435,9.359965,-2.9164,12.276364,6.625051,-0.373536,6.998586
1341,10.292174,-0.854895,11.147069,6.519681,0.796644,5.723037,9.080809,-9.442432,18.523241,6.65506,1.023904,5.631156
1342,10.082402,-1.003908,11.08631,6.339333,0.821289,5.518044,11.165214,-5.765884,16.931098,6.629091,-3.325825,9.954916
1343,10.468632,-1.521481,11.990113,6.24884,0.5085,5.740341,11.249064,2.695265,8.553799,6.645,3.902802,2.742198
1344,10.73581,0.095447,10.640363,6.194623,1.739659,4.454964,10.596349,3.602563,6.993786,5.741078,2.161478,3.579601
1345,10.997051,1.405894,9.591158,6.079899,1.149239,4.93066,10.247753,-0.699662,10.947415,5.442563,-0.357818,5.800381
1346,10.936769,2.549042,8.387728,5.920705,2.928581,2.992125,11.581273,1.876186,9.705087,6.004038,0.528491,5.475548
1347,10.903545,3.198396,7.705149,5.830259,3.644489,2.185771,11.230205,8.402094,2.828111,6.245532,8.244581,-1.999049
1348,10.889676,3.622386,7.267289,5.821132,4.438504,1.382628,10.909502,-0.269306,11.178809,5.851989,-3.109038,8.961027
1349,10.99239,4.047405,6.944985,5.996122,4.569782,1.426341,10.743239,2.236151,8.507087,5.514737,9.12957,-3.614833
1350,10.899853,4.173287,6.726567,6.089517,5.99436,0.095157,11.016496,7.240747,3.775749,6.011878,8.914158,-2.90228
1351,10.871499,2.738203,8.133295,6.179172,4.493539,1.685633,10.499262,6.570495,3.928767,5.677187,7.719584,-2.042397
1352,10.96857,2.612974,8.355597,6.362948,4.416446,1.946502,10.966753,2.275469,8.691284,6.667495,0.561127,6.106368
1353,11.081941,2.354475,8.727465,6.581047,3.02456,3.556486,10.933515,2.757356,8.176159,6.657804,10.500542,-3.842738
1354,11.189433,1.204987,9.984446,6.768745,1.377253,5.391492,11.031723,-1.64349,12.675213,6.873112,-2.261167,9.134279
1355,11.326922,0.188759,11.138163,7.01856,-0.123779,7.142339,11.589006,-1.145911,12.734917,7.138421,-3.64869,10.787111
1356,11.214847,-0.264523,11.47937,7.073348,-0.460937,7.534286,11.536829,0.42666,11.110169,7.041429,-0.613631,7.65506
1357,11.14071,-0.20487,11.345579,7.147042,-1.276778,8.42382,11.768943,-0.80567,12.574613,7.325769,-2.61699,9.942759
1358,11.092384,-0.694457,11.786841,7.182312,-2.574798,9.75711,11.461681,-0.543103,12.004784,7.425891,-2.787645,10.213536
1359,10.910969,-1.010794,11.921763,7.116188,-2.769135,9.885323,10.18223,-0.897504,11.079734,7.051013,-1.79898,8.849993
1360,10.728319,-0.51607,11.244389,7.009631,-2.047273,9.056904,10.414555,3.17493,7.239625,7.173659,4.78966,2.383998
1361,10.562822,-0.119835,10.682657,6.964505,-1.262376,8.226881,10.693447,-5.0706,15.764047,7.12,-11.347311,18.467311
1362,10.4043,-0.636671,11.040971,6.895375,-1.630888,8.526263,10.319098,-3.360272,13.67937,6.675556,-5.009046,11.684601
1363,10.439087,-3.152235,13.591322,6.766738,-6.278216,13.044954,10.258279,3.889731,6.368548,6.295532,4.439402,1.85613
1364,10.402027,-1.920348,12.322375,6.65193,-3.53636,10.18829,10.610464,1.96797,8.642493,7.009888,2.877288,4.1326
1365,10.390181,-0.102739,10.49292,6.619497,0.05854,6.560957,10.352027,-4.160954,14.512981,6.941978,-5.367229,12.309207
1366,10.459266,0.046048,10.413218,6.663514,0.23277,6.430744,10.425739,-18.506454,28.932193,6.150556,-34.330274,40.48083
1367,10.539492,1.308156,9.231336,6.752724,1.94512,4.807604,10.155137,11.798141,-1.643004,6.37,23.982648,-17.612648
1368,10.629823,-0.302379,10.932202,6.79201,-0.062694,6.854704,10.610527,7.652667,2.95786,6.892973,13.816993,-6.92402
1369,10.89875,-2.288499,13.18725,6.814664,-4.19044,11.005103,10.802693,-2.318762,13.121455,6.983674,-3.789437,10.773111
1370,11.160981,0.026574,11.134407,6.890763,-0.319996,7.210759,10.819859,12.724485,-1.904627,6.92,16.425852,-9.505852
1371,11.40505,3.372321,8.032729,7.050967,6.842067,0.2089,11.242782,-9.305775,20.548557,7.284888,-11.177414,18.462302
1372,11.492899,5.130189,6.362709,7.036682,9.669044,-2.632362,12.234517,-18.063795,30.298312,7.100556,-34.261446,41.362001
1373,11.607631,1.986576,9.621055,7.186401,3.742486,3.443915,12.261354,-2.300944,14.562297,6.683253,-7.23717,13.920423
1374,12.039806,-1.226674,13.26648,7.482894,-0.355027,7.837921,11.863619,35.218369,-23.35475,7.491429,74.117091,-66.625663
1375,12.465,0.027745,12.437255,7.868509,1.468265,6.400244,11.225467,19.957748,-8.732281,6.792973,33.60583,-26.812857
1376,12.881424,1.544969,11.336455,8.475276,4.635578,3.839698,11.605819,-24.324058,35.929877,8.031712,-45.27534,53.307052
1377,13.289862,1.570332,11.719529,9.29005,4.524625,4.765424,13.845088,-9.768262,23.61335,8.99545,-12.256737,21.252188
1378,13.80801,-0.67628,14.48429,10.017941,-0.59773,10.615671,14.219137,-0.524845,14.743982,9.984189,1.585626,8.398563
1379,14.111253,-3.97724,18.088493,10.307726,-5.837814,16.14554,15.149482,-7.443226,22.592708,11.347928,-12.090256,23.438184
1380,14.354436,0.476343,13.878093,10.475031,2.699458,7.775572,15.120421,-2.123399,17.24382,12.386667,-8.013838,20.400505
1381,14.249022,2.26524,11.983782,10.519854,5.331432,5.188423,15.490656,19.492079,-4.001423,12.586667,38.260605,-25.673938
1382,14.120059,2.342818,11.777242,10.47434,5.408649,5.065691,13.348169,-3.148966,16.497135,8.821471,-3.074758,11.896228
1383,13.777359,3.917271,9.860088,10.190588,7.57274,2.617848,13.308099,6.851023,6.457076,9.202843,14.485565,-5.282722
1384,13.70092,2.669849,11.031071,9.694141,4.466523,5.227618,13.10719,2.754017,10.353173,9.309216,6.167077,3.142139
1385,13.549916,1.617085,11.932831,9.111961,3.17196,5.940001,13.316399,0.018197,13.298202,9.665588,2.126148,7.53944
1386,13.622159,4.010069,9.61209,9.049791,9.577837,-0.528045,12.750582,3.577946,9.172637,9.361667,3.058383,6.303284
1387,13.76309,2.489362,11.273728,8.962956,4.73797,4.224987,14.585343,-10.855352,25.440696,8.911537,-29.757357,38.668894
1388,13.723152,2.239763,11.48339,8.829677,3.554686,5.274991,14.433628,12.122732,2.310897,8.511408,29.198664,-20.687256
1389,13.664767,1.432219,12.232548,8.577572,1.415219,7.162353,13.853874,13.601924,0.251949,8.386279,41.766377,-33.380098
1390,13.711652,0.197962,13.51369,8.394135,-0.519217,8.913352,14.294614,-3.793927,18.088542,8.595,-19.393503,27.988503
1391,13.580818,1.029048,12.551771,8.103865,-0.235058,8.338923,12.827627,1.006822,11.820805,8.376258,-2.115911,10.492169
1392,13.423128,0.121852,13.301276,7.816964,-0.701784,8.518748,12.907698,-5.634614,18.542312,7.900851,-12.850121,20.750972
1393,13.305112,-1.645267,14.950379,7.529861,-6.394929,13.92479,13.078782,-5.061851,18.140633,8.077609,-10.482668,18.560277
1394,13.160982,0.340933,12.820049,7.259369,0.160662,7.098707,13.669507,-5.037752,18.707259,6.879649,-27.768244,34.647894
1395,13.180498,-0.470441,13.65094,7.04052,-1.420812,8.461332,13.329796,5.772363,7.557433,6.503103,25.931585,-19.428482
1396,13.20021,0.473994,12.726215,6.81355,1.239427,5.574123,13.027757,1.232088,11.795669,6.376557,1.914362,4.462196
1397,13.132523,-0.045783,13.178306,6.541375,-0.976231,7.517605,13.285707,10.109476,3.176231,6.701557,26.495634,-19.794077
1398,13.106501,1.739432,11.367069,6.41681,5.860307,0.556503,12.964242,-4.6728,17.637042,6.84431,-13.186232,20.030542
1399,12.962306,0.693614,12.268692,6.347512,1.803892,4.54362,13.045678,0.976436,12.069242,6.312063,5.771551,0.540513
1400,12.937155,-0.069637,13.006792,6.290623,0.003856,6.286767,12.604976,-8.700294,21.305269,6.172381,-25.992271,32.164652
1401,12.993693,-1.693668,14.687361,6.283865,-4.046476,10.330341,13.48735,7.458751,6.0286,6.007698,20.087524,-14.079825
1402,13.136443,-0.487139,13.623581,6.385415,0.395794,5.989622,12.32043,-1.548362,13.868792,6.018016,-2.463321,8.481337
1403,13.184258,-0.975638,14.159896,6.608081,-0.892398,7.500479,12.851704,-4.110665,16.962369,5.978333,-10.68589,16.664224
1404,13.339853,-0.000168,13.340021,6.87078,1.743855,5.126925,13.681469,-1.258742,14.940212,6.654249,-1.856693,8.510942
1405,13.266653,0.304868,12.961784,6.981855,2.47037,4.511485,13.96349,3.772904,10.190586,7.555165,17.909656,-10.354491
1406,13.429944,0.408157,13.021787,7.116697,2.566415,4.550282,13.380389,-2.443058,15.823447,7.870722,-3.245792,11.116513
1407,13.532535,0.349522,13.183013,7.259402,2.245355,5.014047,13.69414,-1.872003,15.566143,8.011279,-7.538499,15.549778
1408,13.441931,0.809137,12.632794,7.294356,4.112985,3.181371,12.974947,9.594005,3.380942,6.785221,25.173132,-18.38791
1409,13.368177,-0.744158,14.112335,7.374358,-1.156404,8.530761,13.463468,-0.825339,14.288807,6.961906,-1.79101,8.752916
1410,13.33227,-1.528383,14.860653,7.322123,-4.055247,11.377369,13.569841,-4.521113,18.090954,6.977272,-12.933307,19.910578
1411,13.22731,-0.141478,13.368788,7.225785,0.484392,6.741394,13.04724,1.95856,11.08868,6.898929,11.216716,-4.317787
1412,13.205895,-1.019643,14.225539,7.294515,-1.840544,9.135059,13.447215,-7.100157,20.547373,8.115176,-18.976065,27.091241
1413,13.104083,0.723467,12.380616,7.270145,2.956316,4.313829,13.129037,-7.932634,21.061671,7.505075,-23.537694,31.04277
1414,12.980917,1.246348,11.734569,7.212283,3.402185,3.810098,12.959421,7.836329,5.123091,7.336918,24.238971,-16.902053
1415,12.837691,-0.1353,12.972991,7.325243,-0.579537,7.90478,12.825045,3.446851,9.378193,7.266329,8.898584,-1.632255
1416,12.667342,1.523333,11.14401,7.341269,4.753364,2.587905,12.75078,11.376433,1.374347,6.791316,31.787005,-24.995689
1417,12.47283,4.313424,8.159406,7.201198,13.520049,-6.31885,12.707682,-0.860946,13.568628,6.572241,-9.812221,16.384462
1418,12.242291,2.72018,9.522112,7.051901,7.437827,-0.385926,12.044659,-7.712974,19.757633,7.689647,-16.655339,24.344986
1419,11.983872,0.691749,11.292123,6.900929,1.442737,5.458193,12.254771,4.510269,7.744502,8.227355,18.354243,-10.126888
1420,11.777021,-0.565718,12.34274,6.806562,-1.333863,8.140425,11.767453,11.598009,0.169444,6.524584,37.829097,-31.304513
1421,11.552211,-1.427002,12.979213,6.800299,-3.330619,10.130918,11.345648,-3.316385,14.662033,6.291833,-18.336582,24.628415
1422,11.497468,0.41865,11.078818,6.647236,1.098572,5.548664,11.016111,-10.752163,21.768274,6.209528,-33.067048,39.276576
1423,11.453405,-0.274378,11.727783,6.483004,-0.825443,7.308447,11.302825,2.574161,8.728664,6.130748,12.35081,-6.220063
1424,11.38942,-2.345006,13.734426,6.57929,-6.985753,13.565043,11.134007,-6.889934,18.023941,6.528396,-23.789514,30.317911
1425,11.422945,-2.383923,13.806868,6.676762,-6.747748,13.42451,11.661463,5.206592,6.454871,6.61821,14.348997,-7.730788
1426,11.462368,-0.314088,11.776456,6.790443,-2.615058,9.405501,11.946327,-0.340925,12.287252,7.077728,4.88614,2.191588
1427,11.478046,0.270483,11.207563,7.087326,-1.772357,8.859683,11.319561,-2.896385,14.215946,7.198585,-5.293076,12.491661
1428,11.586599,3.172274,8.414325,7.516227,9.308425,-1.792197,11.580321,-3.588807,15.169128,6.974138,-16.670549,23.644687
1429,11.660564,3.285738,8.374826,7.988421,9.05717,-1.068749,11.29207,3.736678,7.555392,7.005298,-4.138211,11.143509
1430,11.71914,2.435006,9.284135,8.372688,3.538188,4.8345,11.412572,6.666162,4.74641,8.208926,18.249715,-10.040789
1431,11.897091,0.884592,11.012499,8.80603,3.723014,5.083016,11.89388,13.422603,-1.528722,9.530707,53.775958,-44.245251
1432,12.065955,1.706572,10.359383,9.356995,7.985657,1.371338,12.179213,6.000837,6.178376,9.923565,12.590216,-2.666652
1433,12.309917,3.08864,9.221277,9.956062,13.093289,-3.137228,12.356365,-6.296047,18.652412,9.7676,-33.746737,43.514336
1434,12.38894,3.276678,9.112262,10.36723,7.436067,2.931163,12.565214,-13.749282,26.314496,10.231974,-3.999295,14.231269
1435,12.424294,1.706301,10.717994,10.646859,-1.656773,12.303632,12.76237,2.165054,10.597316,10.830898,13.167952,-2.337054
1436,12.588997,1.280944,11.308053,11.469828,1.323969,10.145859,12.999802,13.411153,-0.411351,11.198762,31.615214,-20.416453
1437,12.786188,1.082498,11.70369,12.52861,7.765145,4.763465,11.965735,7.98243,3.983305,11.087107,-21.35084,32.437946
1438,12.973763,3.19603,9.777733,13.601619,9.79085,3.81077,12.14136,2.429959,9.711401,11.488111,-9.873921,21.362033
1439,13.14543,3.531477,9.613952,14.611906,8.354497,6.257409,13.332134,3.023342,10.308793,15.684344,33.455406,-17.771062
1440,13.16179,-0.371876,13.533666,15.320751,-3.282583,18.603334,13.736701,-7.685168,21.421869,17.179076,11.341498,5.837578
1441,13.319149,-1.255623,14.574772,15.893784,2.580212,13.313572,13.878237,1.045438,12.832799,17.743039,10.180639,7.5624
1442,13.346855,-2.269895,15.61675,16.102048,1.789984,14.312064,13.964038,4.513188,9.45085,17.902907,3.113486,14.789422
1443,13.556991,-2.619038,16.176029,15.895154,-4.100611,19.995765,13.114324,-13.912318,27.026642,16.160672,-49.844347,66.005019
1444,13.657657,-0.259563,13.91722,15.624542,-1.514776,17.139318,13.067251,1.796199,11.271052,15.098342,19.688724,-4.590382
1445,13.716638,-1.448417,15.165055,15.221286,-2.306574,17.52786,12.335299,-4.669944,17.005242,12.945955,-15.405519,28.351474
1446,13.680965,-1.50241,15.183375,14.726329,-3.413487,18.139815,14.803085,0.57934,14.223745,14.236085,-7.778758,22.014843
1447,13.713528,0.022375,13.691153,14.474223,2.871213,11.60301,14.441369,8.83116,5.610209,15.284793,29.442342,-14.157549
1448,13.763383,0.303031,13.460352,14.54574,1.521717,13.024023,14.291104,-7.276542,21.567646,14.920249,4.638055,10.282193
1449,13.952257,1.144121,12.808135,14.931155,4.756271,10.174884,13.714323,4.135234,9.579089,14.438204,-4.634905,19.07311
1450,13.811056,1.10195,12.709105,15.152197,5.902958,9.249238,13.342268,-3.238825,16.581092,14.39593,-5.851451,20.247381
1451,13.691626,-0.738661,14.430287,15.255764,0.730417,14.525347,13.416236,3.760795,9.65544,15.598964,10.242257,5.356707
1452,13.601659,1.272865,12.328794,15.409107,1.122633,14.286473,13.657413,1.217687,12.439727,15.643863,7.236359,8.407504
1453,13.59348,2.901345,10.692134,15.639369,7.147868,8.491501,13.814678,0.284142,13.530536,15.783373,0.248052,15.535321
1454,13.639945,2.838105,10.80184,15.954083,7.147842,8.806241,13.605363,-4.053119,17.658482,16.009762,-6.76545,22.775212
1455,13.601367,0.536086,13.065281,15.862862,1.749972,14.11289,13.66133,6.804138,6.857192,15.993651,7.383572,8.610078
1456,13.474354,-0.368766,13.843119,15.560997,-2.890638,18.451635,13.657068,15.534599,-1.877531,16.05004,37.54174,-21.4917
1457,13.237997,-0.89241,14.130408,15.002474,-3.834683,18.837157,13.667528,-3.681508,17.349036,16.598929,-5.851634,22.450562
1458,13.059086,-0.32777,13.386856,14.522814,-2.913601,17.436415,13.146185,-12.353338,25.499522,14.960417,-27.542835,42.503251
1459,12.866534,-1.291423,14.157957,14.081557,-3.45891,17.540467,12.768322,-5.116275,17.884597,13.530812,-25.24791,38.778722
1460,12.704395,-2.697725,15.40212,13.667632,-3.591117,17.25875,12.160185,-3.381369,15.541554,11.873707,-6.360266,18.233973
1461,12.523721,-1.305084,13.828805,13.181754,1.083286,12.098467,12.352981,-0.100638,12.453619,12.652143,-0.317877,12.97002
1462,12.416675,0.915389,11.501287,12.902295,6.062902,6.839393,12.313471,0.05857,12.2549,12.904854,3.566412,9.338443
1463,12.449645,1.100618,11.349027,13.130381,7.171156,5.959225,12.522093,5.690485,6.831609,13.152566,36.616288,-23.463722
1464,12.592409,1.809046,10.783363,13.685923,7.081874,6.604049,12.402811,6.06698,6.335831,13.197778,26.869194,-13.671416
1465,12.712776,1.862074,10.850702,14.188461,6.751851,7.43661,12.396865,3.189968,9.206897,13.004202,7.314471,5.689731
1466,12.850991,2.203624,10.647367,14.713098,5.756043,8.957055,12.999108,-3.819672,16.81878,15.127419,-17.490128,32.617547
1467,12.971251,0.455229,12.516022,15.260549,-1.039498,16.300047,13.159538,1.577628,11.58191,15.7625,-6.985241,22.747741
1468,13.145276,-0.304367,13.449643,15.952427,-4.654821,20.607248,13.195546,0.270558,12.924988,16.169907,-2.628035,18.797943
1469,13.369243,-0.820802,14.190046,16.822844,-5.084178,21.907022,13.280977,2.449422,10.831555,16.577315,-3.404244,19.981559
1470,13.46181,1.635445,11.826365,17.389944,1.905083,15.484861,13.36391,-6.548281,19.912191,16.984722,-10.952502,27.937224
1471,13.526141,2.452418,11.073723,17.866319,6.477849,11.38847,13.620986,0.749804,12.871182,18.040922,1.56193,16.478991
1472,13.618583,1.874069,11.744515,18.29935,6.328995,11.970355,13.964638,-0.425076,14.389713,19.097121,4.308971,14.788151
1473,13.675861,1.27384,12.402021,18.673305,5.556058,13.117247,13.647072,13.374056,0.273016,19.097121,31.434703,-12.337581
1474,13.620856,3.006408,10.614449,18.704892,8.411524,10.293369,13.609861,7.296443,6.313417,19.097121,25.02412,-5.926998
1475,13.468908,2.521011,10.947897,18.301427,5.962407,12.33902,13.842639,-3.777889,17.620528,19.201127,-3.67001,22.871137
1476,13.17281,1.510285,11.662525,17.46291,2.441387,15.021523,13.681919,-1.752179,15.434098,19.195,-8.814805,28.009805
1477,12.809375,-1.311737,14.121112,16.340226,-3.341198,19.681424,12.978878,5.579693,7.399185,17.205833,9.035758,8.170076
1478,12.364597,-0.728705,13.093302,14.933375,-6.152554,21.085929,12.55735,-2.647974,15.205323,15.216667,-15.581886,30.798553
1479,11.804215,1.738512,10.065703,13.2275,-3.536916,16.764416,11.89195,-7.500154,19.392104,13.2275,-20.338169,33.565669
1480,11.279853,3.253633,8.026219,11.653452,5.424049,6.229404,11.103028,-6.380101,17.483129,11.238333,-9.043394,20.281727
1481,10.820422,2.131442,8.68898,10.363571,5.528951,4.83462,10.496414,11.377668,-0.881254,9.249167,5.344628,3.904539
1482,10.41677,0.931823,9.484947,9.357857,2.311261,7.046596,9.919968,13.492629,-3.572661,7.26,14.639457,-7.379457
1483,10.090468,2.472709,7.617759,8.63631,4.807742,3.828568,10.011381,8.853671,1.15771,8.176667,53.911947,-45.735281
1484,9.871463,3.944815,5.926648,8.198929,8.155691,0.043238,9.762864,-2.275643,12.038508,8.176667,9.770076,-1.593409
1485,9.719593,2.036249,7.683345,8.045714,6.901408,1.144306,9.731783,-11.045308,20.777091,8.176667,-38.105715,46.282382
1486,9.6975,0.425807,9.271694,8.307619,4.842477,3.465142,9.607841,3.286049,6.321793,8.176667,-2.862805,11.039472
1487,9.665782,-0.986723,10.652505,8.438571,-4.990348,13.428919,9.569991,3.924638,5.645354,8.176667,14.392246,-6.21558
1488,9.66199,0.024996,9.636994,8.569524,-6.445799,15.015323,9.433325,-1.982295,11.41562,8.176667,-3.43535,11.612016
1489,9.653967,0.634968,9.018999,8.700476,-3.222296,11.922772,9.765317,2.219536,7.54578,9.093333,0.226941,8.866392
1490,9.672206,-0.626405,10.298611,8.878197,-3.281897,12.160095,9.789354,-1.034037,10.823392,9.093333,-14.917828,24.011161
1491,9.644689,-0.049343,9.694031,9.055918,-0.257649,9.313568,9.736317,4.806389,4.929928,9.093333,-0.418081,9.511415
1492,9.567348,0.516522,9.050826,9.02318,1.90587,7.117311,9.675626,-6.775502,16.451128,9.093333,-15.541192,24.634526
1493,9.439879,1.449054,7.990825,8.903187,6.346818,2.556369,9.735508,-5.543564,15.279072,9.420714,-3.280018,12.700732
1494,9.328355,4.483381,4.844974,8.82689,16.377762,-7.550872,9.377372,7.964075,1.413298,9.420714,35.561983,-26.141269
1495,9.23027,1.625347,7.604923,8.794291,10.523295,-1.729004,8.891944,1.97876,6.913185,7.9475,11.709284,-3.761784
1496,9.162418,1.368866,7.793553,8.805389,9.916325,-1.110936,8.873033,8.747258,0.125775,8.253379,31.313577,-23.060198
1497,9.113322,2.787392,6.32593,8.859715,9.908926,-1.049211,9.00868,20.20625,-11.197569,8.559258,55.298784,-46.739525
1498,8.989617,4.544955,4.444662,8.577232,9.964842,-1.38761,9.049723,-15.199847,24.24957,8.865138,-41.399355,50.264492
1499,8.966787,5.048945,3.917842,8.617304,8.875184,-0.257881,9.200667,-8.570872,17.771539,9.171017,-19.789979,28.960996
1500,8.987395,3.580101,5.407294,8.467535,7.129587,1.337949,9.391837,4.386121,5.005716,9.801,-3.331811,13.132811
1501,8.934645,0.27894,8.655705,8.27407,-2.830182,11.104252,8.511432,20.267013,-11.755581,7.443333,35.953393,-28.510059
1502,8.907639,3.680895,5.226744,8.036907,8.457667,-0.42076,8.732138,5.506695,3.225443,8.228,4.08168,4.14632
1503,8.824651,2.168003,6.656648,7.756048,1.387892,6.368156,9.01729,-1.53465,10.55194,7.205,19.094394,-11.889394
1504,8.711346,2.553827,6.15752,7.38519,4.49729,2.887901,8.639429,-2.90188,11.541309,7.205,-14.419599,21.624599
1505,8.783314,-0.227084,9.010398,7.489952,0.771139,6.718813,8.860679,8.613837,0.246842,7.205,37.615592,-30.410592
1506,8.830869,-2.12762,10.958489,7.743095,-0.987638,8.730733,8.619749,-19.161117,27.780866,7.205,-69.278407,76.483407
1507,8.79912,-2.43929,11.23841,7.756667,-3.971761,11.728427,8.598708,7.086889,1.51182,7.205,18.433974,-11.228974
1508,8.807312,-0.629615,9.436927,7.69881,-1.998709,9.697519,9.015206,0.800642,8.214563,8.176667,9.870341,-1.693674
1509,8.803816,-0.696119,9.499935,7.569524,-7.904234,15.473758,9.065024,-7.797061,16.862085,10,-8.22976,18.22976
1510,8.828392,1.742277,7.086115,7.604524,2.741963,4.862561,8.795042,-3.716343,12.511385,7.3,-1.794466,9.094466
1511,8.879998,1.123024,7.756974,7.80381,0.585468,7.218342,8.696773,9.765846,-1.069073,6.8,-0.608239,7.408239
1512,8.887654,1.538184,7.34947,8.028571,-1.319517,9.348088,8.836207,8.14831,0.687897,6.3,-3.723083,10.023083
1513,8.892502,3.3072,5.585301,7.992857,0.675519,7.317338,8.791785,-2.092342,10.884127,7.45,5.244977,2.205023
1514,8.905483,4.050293,4.85519,8.146429,0.352457,7.793972,8.959951,2.752117,6.207834,8.6,3.338505,5.261495
1515,8.913744,1.3807,7.533044,8.175,0.557946,7.617054,9.068796,3.706765,5.362031,9.75,-3.46455,13.21455
1516,8.918883,-0.024878,8.943761,8.489286,1.262858,7.226428,9.098957,4.586048,4.512909,9.75,5.735487,4.014513
1517,8.954296,1.591183,7.363113,8.853571,0.169852,8.68372,8.885912,1.485308,7.400604,8.375,-4.0559,12.4309
1518,8.977205,2.753994,6.22321,9.017857,3.614959,5.402898,8.754598,-8.921306,17.675904,7.0,0.830189,6.169811
1519,8.998569,3.29824,5.700329,8.982143,7.729036,1.253106,8.872182,-1.690738,10.56292,8.5,1.211295,7.288705
1520,8.960753,1.295589,7.665164,8.946429,3.384906,5.561523,9.039676,9.220086,-0.180409,10,-2.406064,12.406064
1521,9.0095,1.901145,7.108354,9.107143,3.96613,5.141013,9.120311,10.891796,-1.771485,9.75,27.454255,-17.704255
1522,9.035134,2.32964,6.705494,9.428571,3.103469,6.325103,9.218346,7.516488,1.701858,9.5,25.333992,-15.833992
1523,9.157345,2.105539,7.051806,9.5,2.934174,6.565826,8.834249,-9.432508,18.266757,9.5,-24.673426,34.173426
1524,9.307344,2.689243,6.618101,9.357143,4.190868,5.166275,9.227135,5.724199,3.502936,9.5,0.01267,9.48733
1525,9.524572,3.329683,6.194889,9.964286,-0.187611,10.151897,8.934042,-5.921841,14.855883,9.25,-5.20844,14.45844
1526,9.581461,3.328768,6.252693,9.892857,-1.599067,11.491924,9.727654,-3.259445,12.987099,9,0.02623,8.97377
1527,9.777295,6.508345,3.26895,10.25,2.14149,8.10851,10.08967,13.306012,-3.216342,9,6.390798,2.609202
1528,9.891925,5.574827,4.317098,10.607143,1.705807,8.901336,10.64091,15.374876,-4.733966,14.0,-3.195101,17.195101
1529,9.978562,5.330223,4.648339,11,1.912536,9.087464,9.616567,7.510086,2.106481,9,15.453804,-6.453804
1530,9.874071,5.351253,4.522818,11.428571,1.817389,9.611183,10.205088,12.824529,-2.619441,12,1.510472,10.489528
1531,9.733026,2.504649,7.228378,11.857143,1.024713,10.83243,10.029543,-0.810428,10.839971,12,-3.037115,15.037115
1532,9.465632,-1.220374,10.686005,11.571429,0.920015,10.651414,9.540502,-7.634072,17.174574,12,-3.761337,15.761337
1533,9.231981,-1.463622,10.695603,11.428571,-1.401846,12.830417,8.996219,-3.112231,12.10845,12,-0.6398,12.6398
1534,8.944696,-3.847166,12.791862,10.857143,-2.598736,13.455879,9.102355,-6.62022,15.722575,12,0.842066,11.157934
1535,8.75534,-3.01184,11.767179,10.285714,-1.653566,11.939281,8.769149,-10.70028,19.469429,12,-3.927988,15.927988
1536,8.65687,0.929495,7.727375,9.642857,0.380467,9.26239,7.981011,5.807346,2.173665,8,-0.799219,8.799219
1537,8.605845,3.000891,5.604954,8.928571,1.915298,7.013273,8.19409,-3.860279,12.054368,8,-6.867759,14.867759
1538,8.457583,1.856645,6.600938,8.214286,-0.277805,8.492091,8.704051,5.036858,3.667193,8,3.579073,4.420927
1539,8.346211,2.600129,5.746081,7.5,1.625492,5.874508,8.851217,19.955272,-11.104055,7.5,10.476897,-2.976897
1540,8.43258,2.653354,5.779226,7.5,0.690011,6.809989,8.63904,11.387536,-2.748496,7.0,10.104016,-3.104016
1541,8.537164,3.414803,5.122361,7.642857,1.568008,6.07485,8.06452,-14.629942,22.694462,7.0,-14.509655,21.509655
1542,8.490417,3.593427,4.89699,7.392857,2.799285,4.593572,7.989545,-5.495886,13.485431,7.0,9.39509,-2.39509
1543,8.592462,1.399567,7.192894,7.892857,3.486977,4.405881,8.585598,6.179922,2.405677,8.0,-7.347586,15.347586
1544,8.728051,-1.247917,9.975968,8.321429,0.240572,8.080856,8.926179,1.469864,7.456316,9,-0.721782,9.721782
1545,8.930966,0.98787,7.943096,8.607143,2.189309,6.417834,8.376817,6.287224,2.089593,6.25,12.198016,-5.948016
1546,9.068583,3.337074,5.731509,8.696429,1.809911,6.886517,9.565531,4.598254,4.967277,11,15.290738,-4.290738
1547,9.05368,3.50471,5.548971,8.446429,2.731324,5.715105,9.588167,-7.144852,16.733019,10.0,-12.620815,22.620815
1548,9.037453,3.968292,5.069161,8.042143,3.795985,4.246158,9.484924,1.020566,8.464358,9,-0.868499,9.868499
1549,9.205582,2.840676,6.364906,8.019286,2.649276,5.370009,8.952864,10.948538,-1.995674,7.625,6.739309,0.885691
1550,9.243326,1.569368,7.673959,7.318571,0.63099,6.687581,8.481281,7.353374,1.127907,6.25,-0.897699,7.147699
1551,9.329234,4.063956,5.265278,6.761429,1.883322,4.878106,8.812585,4.714937,4.097647,6.17,6.730847,-0.560847
1552,9.448932,5.506216,3.942716,6.768571,2.624314,4.144258,9.553722,-1.606088,11.15981,6.09,4.171055,1.918945
1553,9.631309,4.720679,4.91063,7.393571,1.291412,6.102159,9.829743,-4.300902,14.130644,6.095,1.162735,4.932265
1554,10.017432,3.796373,6.22106,8.357857,4.939436,3.418421,10.189518,10.317263,-0.127745,6.1,-3.85449,9.95449
1555,10.385987,2.002682,8.383305,9.476429,2.620607,6.855821,10.322813,11.116389,-0.793576,9.05,4.318441,4.731559
1556,10.611766,1.990442,8.621323,10.090714,1.199636,8.891078,10.229502,5.44978,4.779722,12,-2.591003,14.591003
1557,10.700036,3.189414,7.510622,10.188571,1.363517,8.825055,11.184146,0.883231,10.300915,13,24.638467,-11.638467
1558,10.75117,1.854314,8.896857,10.285714,2.616484,7.669231,11.392466,-7.840902,19.233368,14,-9.500953,23.500953
1559,10.769155,0.996597,9.772558,9.961429,3.00831,6.953119,11.134173,-1.691763,12.825937,10.39,-5.775743,16.165743
1560,10.778113,0.880562,9.897551,9.215714,3.528054,5.687661,10.447635,4.0919,6.355735,6.78,2.309898,4.470102
1561,10.674437,-0.643806,11.318243,8.327143,-1.10278,9.429922,10.547458,0.971561,9.575896,6.78,4.916278,1.863722
1562,10.590187,1.68242,8.907767,7.295714,-0.271112,7.566826,10.448706,5.112372,5.336333,6.78,7.061223,-0.281223
1563,10.475266,3.61799,6.857276,6.782857,2.484613,4.298244,10.292208,4.637535,5.654673,6.78,1.047204,5.732796
1564,10.3125,2.319507,7.992993,6.785714,2.78986,3.995854,10.458416,-9.787346,20.245762,6.78,-7.777364,14.557364
1565,10.125435,2.072344,8.053091,6.788571,1.390225,5.398346,10.802711,8.442677,2.360034,6.78,-3.679279,10.459279
1566,9.951474,1.805983,8.14549,6.791429,0.589973,6.201455,10.329728,11.857233,-1.527504,6.8,13.514333,-6.714333
1567,9.775157,2.381142,7.394015,6.794286,1.077919,5.716367,9.30827,-4.997485,14.305755,6.8,4.446625,2.353375
1568,9.61848,4.507676,5.110805,6.797143,4.106101,2.691041,9.238009,-0.758576,9.996585,6.8,-4.881165,11.681165
1569,9.350968,3.564504,5.786464,6.8,4.241331,2.558669,9.230973,3.247847,5.983126,6.8,1.459462,5.340538
1570,9.147253,2.907182,6.240071,6.8,1.305072,5.494928,9.057993,8.663645,0.394348,6.8,4.462823,2.337177
1571,9.10447,4.104408,5.000062,6.771429,1.196028,5.5754,9.361678,5.098391,4.263287,6.8,13.419912,-6.619912
1572,9.104179,2.780548,6.323631,6.714286,2.070032,4.644253,8.930123,1.840475,7.089647,6.8,-2.732671,9.532671
1573,9.075706,2.321966,6.75374,6.657143,3.131073,3.52607,8.903722,7.255974,1.647749,6.8,-7.039482,13.839482
1574,9.07044,0.711411,8.359029,6.6,1.633036,4.966964,9.008791,3.383103,5.625688,6.6,3.68332,2.91668
1575,8.998233,0.168172,8.83006,6.542857,1.091278,5.451579,9.235974,-10.025599,19.261572,6.4,1.236864,5.163136
1576,8.991714,0.6242,8.367514,6.485714,1.662034,4.82368,9.031662,0.037772,8.99389,6.4,8.886746,-2.486746
1577,9.012782,-0.033349,9.046131,6.428571,2.491443,3.937128,9.02113,-2.610241,11.631372,6.4,-6.023436,12.423436
1578,9.006216,-0.919623,9.925838,6.4,1.145117,5.254883,8.856226,1.29572,7.560506,6.4,9.627607,-3.227607
1579,8.980107,0.903319,8.076788,6.4,2.764522,3.635478,8.88449,5.032668,3.851822,6.4,1.262622,5.137378
1580,8.986988,1.466794,7.520194,6.4,2.482341,3.917659,9.0512,2.653133,6.398066,6.4,-1.233622,7.633622
1581,8.973348,1.578435,7.394913,6.315714,3.847467,2.468248,8.962827,-2.820814,11.783641,6.4,-5.740962,12.140962
1582,8.957792,1.251139,7.706653,6.231429,0.680477,5.550951,9.053216,2.734997,6.318219,6.4,12.5727,-6.1727
1583,8.940013,3.129617,5.810396,6.147143,-0.430674,6.577817,9.079826,3.982093,5.097733,6.4,6.911475,-0.511475
1584,8.888847,3.489976,5.398871,6.062857,0.172914,5.889943,8.925651,-1.82875,10.754402,5.81,3.532445,2.277555
1585,8.840724,2.294082,6.546642,5.978571,1.665587,4.312984,8.747337,-0.99535,9.742687,5.81,-12.541319,18.351319
1586,8.854693,3.346873,5.50782,5.894286,0.782147,5.112139,8.760032,18.18201,-9.421979,5.81,-6.515439,12.325439
1587,8.807709,5.014717,3.792992,5.81,-0.316868,6.126868,8.693041,5.17565,3.517391,5.81,2.991497,2.818503
1588,8.776641,6.419275,2.357366,5.81,-1.0665,6.8765,8.625968,-11.192073,19.818042,5.81,4.707748,1.102252
1589,8.678775,5.448447,3.230328,5.81,1.816678,3.993322,9.150997,10.104534,-0.953537,5.81,6.388622,-0.578622
1590,8.636089,2.688743,5.947346,5.81,3.264403,2.545597,8.750934,15.656998,-6.906064,5.81,-0.781629,6.591629
1591,8.64045,1.919187,6.721263,5.81,4.211315,1.598685,8.708178,8.003154,0.705024,5.81,-1.714981,7.524981
1592,8.666104,4.053054,4.61305,5.809286,0.956844,4.852442,8.062274,-7.791145,15.853419,5.81,7.640931,-1.830931
1593,8.563753,2.90252,5.661233,5.807857,0.330172,5.477685,8.461228,-1.135918,9.597146,5.81,3.618637,2.191363
1594,8.540875,1.505855,7.03502,5.805714,0.537376,5.268338,8.723568,-0.211243,8.934811,5.81,9.619878,-3.809878
1595,8.495053,-0.098314,8.593368,5.802857,2.705657,3.0972,8.80555,3.745001,5.06055,5.805,-18.073551,23.878551
1596,8.559551,0.116239,8.443311,5.706531,1.637742,4.068788,8.434538,2.050791,6.383748,5.8,2.001922,3.798078
1597,8.579394,0.171695,8.4077,5.927891,0.380326,5.547565,8.59079,5.880345,2.710445,5.795,0.668797,5.126203
1598,8.565873,0.496724,8.069148,6.14551,-1.941306,8.086816,8.387425,-3.226031,11.613457,5.79,13.462989,-7.672989
1599,8.524091,-0.010781,8.534872,6.360102,0.182823,6.177279,8.513755,-6.289269,14.803024,5.135714,0.165525,4.97019
1600,8.531153,-0.466735,8.997888,6.571667,0.900228,5.671439,8.600135,-0.74773,9.347865,7.359524,-5.183275,12.542799
1601,8.376556,-1.675064,10.05162,6.780204,0.403321,6.376883,8.628915,2.063965,6.564951,7.333333,-6.631547,13.96488
1602,8.224871,-0.877681,9.102552,6.878571,-2.252234,9.130805,8.51308,0.192465,8.320615,7.307143,-3.204649,10.511792
1603,8.114585,0.216884,7.897701,7.066667,-3.077717,10.144384,8.483967,-1.140889,9.624857,7.280952,7.023755,0.257197
1604,7.931645,0.692182,7.239463,6.933333,-1.812346,8.74568,7.508614,-2.57796,10.086574,7.254762,-2.809549,10.064311
1605,7.748245,0.821872,6.926373,6.8,1.473437,5.326563,7.325627,2.355651,4.969976,6.478571,-5.125896,11.604467
1606,7.57714,0.462096,7.115044,6.666667,2.050381,4.616286,7.741759,1.37269,6.369068,6.452381,-5.612859,12.06524
1607,7.404758,0.722509,6.682249,6.479762,0.272044,6.207717,7.319549,2.57935,4.740199,6.42619,3.674321,2.751869
1608,7.363148,1.028579,6.334569,6.339286,0.838507,5.500779,7.345119,2.9718,4.373319,6.4,16.368932,-9.968932
1609,7.356425,1.089594,6.266831,6.305952,2.058041,4.247911,7.315343,-2.325969,9.641312,6.37381,0.833962,5.539848
1610,7.317,0.447884,6.869116,6.272619,2.940217,3.332402,7.277297,0.682002,6.595295,5.972619,-5.424601,11.39722
1611,7.362217,0.614304,6.747913,6.239286,1.678678,4.560608,7.217345,-0.43547,7.652815,6.271429,1.15569,5.115739
1612,7.388183,-0.164955,7.553139,6.205952,-1.081916,7.287869,7.278565,2.782757,4.495808,6.245238,3.410841,2.834397
1613,7.425754,0.185859,7.239895,6.172619,-0.296897,6.469516,7.46578,-3.119284,10.585064,6.219048,0.562372,5.656676
1614,7.512794,0.650657,6.862137,6.192857,1.146359,5.046498,7.636072,3.744293,3.891779,6.192857,-5.15645,11.349307
1615,7.606161,1.079104,6.527057,6.166667,0.244946,5.92172,7.526881,-2.483017,10.009898,6.166667,-2.955228,9.121895
1616,7.682157,0.635273,7.046885,6.140476,-0.877284,7.01776,7.578337,0.129728,7.448608,6.140476,6.329099,-0.188623
1617,7.731779,1.079492,6.652286,6.114286,-0.874185,6.988471,7.88658,3.935594,3.950987,6.114286,4.678189,1.436097
1618,7.727109,2.743482,4.983626,6.088095,-0.475184,6.563279,7.87091,2.563655,5.307255,6.088095,-5.154199,11.242294
1619,7.802516,5.275052,2.527464,6.061905,2.796009,3.265896,7.810541,-0.324062,8.134603,6.061905,-4.444773,10.506678
1620,7.846415,5.281698,2.564717,6.035714,2.992465,3.043249,7.81313,-0.009745,7.822876,6.035714,0.584065,5.451649
1621,7.851179,3.916108,3.935071,6.009524,2.713758,3.295766,7.603381,15.392224,-7.788843,6.009524,-2.363442,8.372966
1622,7.870905,3.596776,4.274129,5.983333,3.318064,2.665269,8.054731,15.237967,-7.183236,5.983333,19.943123,-13.959789
1623,7.991681,4.983567,3.008114,5.957143,3.094239,2.862903,7.88563,0.176255,7.709375,5.957143,7.704294,-1.747151
1624,8.116257,4.321233,3.795025,5.930952,3.293714,2.637238,7.919926,-5.623541,13.543468,5.930952,2.727235,3.203718
1625,8.249889,1.851947,6.397941,5.904762,4.636561,1.268201,8.008993,0.328336,7.680658,5.904762,-0.924051,6.828813
1626,8.323213,-0.37596,8.699172,5.878571,3.440195,2.438377,8.655976,9.383475,-0.727499,5.878571,-6.011548,11.89012
1627,8.424848,0.141702,8.283146,5.852381,3.906848,1.945533,8.685162,-4.646087,13.331249,5.852381,1.980389,3.871991
1628,8.531756,2.078406,6.453349,5.773805,3.46715,2.306655,8.538803,-1.892772,10.431575,5.82619,7.036485,-1.210295
1629,8.655992,1.832035,6.823957,5.695229,1.144963,4.550265,8.567998,-0.357383,8.92538,5.8,11.568559,-5.768559
1630,8.699334,0.26428,8.435054,5.616652,1.38705,4.229603,8.597076,3.799886,4.79719,5.77381,10.970866,-5.197056
1631,8.682271,1.014593,7.667678,5.538076,2.005446,3.532631,8.668282,7.933388,0.734894,5.380919,-0.35065,5.731569
1632,8.769097,1.239272,7.529825,5.4595,-0.083693,5.543193,8.878649,-1.39626,10.274909,5.354729,-17.179358,22.534086
1633,8.793386,1.291684,7.501702,5.380924,-1.837066,7.217989,8.959369,-1.590811,10.550179,5.328538,-4.316943,9.645481
1634,8.780805,0.536752,8.244053,5.302348,-2.064016,7.366363,8.565723,0.606101,7.959622,5.302348,6.309161,-1.006813
1635,8.760684,-0.635634,9.396317,5.276157,-1.88121,7.157367,9.146583,-0.320016,9.466599,5.276157,-7.587489,12.863646
1636,8.744056,-1.21722,9.961276,5.166638,0.08483,5.081809,8.73802,0.009499,8.728521,5.249967,-0.705046,5.955013
1637,8.681375,-1.354967,10.036342,5.057119,1.445468,3.611651,8.509008,-1.48464,9.993648,5.223776,9.382215,-4.158439
1638,8.671856,-0.660998,9.332854,4.9476,0.027443,4.920157,8.527435,-0.273308,8.800744,5.197586,0.92899,4.268595
1639,8.580384,-0.932033,9.512416,4.838081,0.609584,4.228497,8.762254,-5.467364,14.229618,4.588095,-3.417081,8.005176
1640,8.547476,-0.472598,9.020074,4.728562,1.508095,3.220467,8.520602,-2.555038,11.075639,4.561905,5.207524,-0.645619
1641,8.546657,-0.361723,8.90838,4.619043,0.690408,3.928635,8.49909,5.463882,3.035209,4.535714,-3.617014,8.152728
1642,8.529513,-0.96852,9.498033,4.509524,-0.274939,4.784463,8.506276,-2.217261,10.723537,4.509524,-3.512502,8.022026
1643,8.478203,-0.251635,8.729838,4.483333,-0.332568,4.815902,8.507665,3.225539,5.282126,4.483333,5.58453,-1.101197
1644,8.458348,1.068428,7.389921,4.457143,-0.539084,4.996227,8.50328,-0.70851,9.21179,4.457143,3.658408,0.798734
1645,8.381578,1.298188,7.08339,4.430952,1.959294,2.471658,8.407423,-4.520888,12.928311,4.430952,-5.828443,10.259395
1646,8.300791,2.327373,5.973418,4.404762,3.21617,1.188592,8.403087,-0.44917,8.852257,4.404762,-3.820483,8.225245
1647,8.114049,2.066907,6.047142,4.378571,3.267044,1.111528,8.381616,6.685402,1.696215,4.378571,3.761913,0.616659
1648,8.115146,1.422317,6.692829,4.352381,3.125595,1.226786,7.9617,7.072202,0.889497,4.352381,13.871636,-9.519255
1649,8.14303,2.198255,5.944774,4.32619,4.349929,-0.023738,7.940769,4.987036,2.953733,4.32619,5.285629,-0.959439
1650,8.164957,0.822007,7.342949,4.228571,3.423407,0.805164,7.200467,1.402276,5.798191,4.3,5.940644,-1.640644
1651,8.880285,-0.763572,9.643857,4.130952,0.912013,3.218939,8.510962,-5.220641,13.731603,4.27381,2.668266,1.605543
1652,8.959022,-2.166679,11.125701,4.033333,-1.795473,5.828806,8.602607,0.910681,7.691926,4.247619,2.741896,1.505723
1653,9.037629,-2.802224,11.839853,3.935714,-1.306521,5.242235,8.556575,-10.082907,18.639482,3.721429,-10.306136,14.027564
1654,9.224018,-3.09625,12.320268,3.838095,-3.107781,6.945876,13.388916,-4.41365,17.802566,3.695238,-13.817844,17.513082
1655,9.17535,-1.763165,10.938516,3.740476,-1.287675,5.028151,8.512858,-2.749551,11.262409,3.669048,-5.080765,8.749813
1656,9.03146,-1.405005,10.436465,3.642857,0.041279,3.601578,8.491015,0.538221,7.952794,3.642857,8.70829,-5.065433
1657,8.938852,0.35963,8.579222,3.616667,0.885382,2.731285,8.505193,-0.655902,9.161095,3.616667,-6.668171,10.284838
1658,8.048999,2.532294,5.516705,3.590476,3.708639,-0.118163,8.170287,4.11095,4.059337,3.590476,15.409005,-11.818529
1659,7.862717,3.447063,4.415654,3.564286,4.614222,-1.049936,7.595374,3.417803,4.177571,3.564286,12.044576,-8.48029
1660,7.686518,2.27904,5.407477,3.538095,2.115104,1.422991,7.908319,2.269538,5.638781,3.538095,-4.397416,7.935512
1661,7.507309,2.175737,5.331572,3.511905,1.445473,2.066431,7.159948,10.795,-3.635053,3.511905,5.944958,-2.433053
1662,7.359147,1.269627,6.08952,3.485714,1.144832,2.340882,7.208882,3.653829,3.555053,3.485714,1.258313,2.227401
1663,7.268482,0.450737,6.817745,3.459524,-1.630729,5.090252,7.257621,-7.637937,14.895558,3.459524,-8.785535,12.245059
1664,7.124313,-0.61901,7.743324,3.433333,-2.21345,5.646784,7.25073,-1.379025,8.629755,3.433333,-11.355587,14.78892
1665,7.078286,-2.210664,9.28895,3.407143,-2.159944,5.567087,7.133156,-2.231817,9.364973,3.407143,13.304515,-9.897372
1666,7.016524,-3.174642,10.191166,3.380952,-4.45117,7.832122,6.960715,-2.314431,9.275146,3.380952,-7.384348,10.7653
1667,6.939083,-2.090337,9.02942,3.354762,-2.283449,5.638211,6.899142,-5.218691,12.117833,3.354762,-8.476468,11.83123
1668,6.721374,-1.944706,8.66608,3.4,-0.441219,3.841219,6.837755,-0.346578,7.184333,3.328571,6.319503,-2.990932
1669,6.530708,-1.592574,8.123282,3.806122,-1.089614,4.895737,6.776551,-3.094015,9.870566,3.302381,-14.780271,18.082652
1670,6.354682,-1.339142,7.693824,4.037415,0.018918,4.018497,6.715531,-0.047804,6.763335,3.27619,6.388513,-3.112323
1671,6.186828,-0.074028,6.260856,4.272449,1.636152,2.636297,5.726771,-0.359605,6.086375,3.75,1.540025,2.209975
1672,6.027119,0.798503,5.228616,4.511224,1.164409,3.346816,5.79849,0.233103,5.565387,6.25,8.765747,-2.515747
1673,5.87553,0.988141,4.887389,4.753741,2.981089,1.772653,5.728538,-0.540402,6.26894,5,0.375379,4.624621
1674,5.722491,1.003775,4.718716,4.821429,1.081079,3.740349,5.724163,3.637108,2.087055,5,2.844165,2.155835
1675,5.711962,1.367539,4.344423,4.857143,0.208118,4.649024,5.719793,5.761139,-0.041346,5,3.017304,1.982696
1676,5.693742,1.446157,4.247585,4.595238,-1.548777,6.144015,5.715427,-1.766549,7.481976,5,-2.063511,7.063511
1677,5.684878,1.663277,4.021601,4.511905,-1.081768,5.593673,5.644257,0.061633,5.582624,3.75,-6.911555,10.661555
1678,5.680618,1.004071,4.676548,4.428571,-1.366576,5.795148,5.653066,2.186741,3.466325,4,-4.570699,8.570699
1679,5.663989,-0.291672,5.955661,4.345238,-1.407698,5.752936,5.670951,0.783427,4.887523,4.416667,-3.532522,7.949189
1680,5.649449,0.311102,5.338347,4.261905,-1.061007,5.322912,5.666489,0.97944,4.687049,4.416667,3.644443,0.772224
1681,5.651131,0.894847,4.756284,4.357143,0.515961,3.841182,5.694347,-0.977336,6.671683,4.416667,0.850508,3.566159
1682,5.656717,0.444069,5.212648,4.416667,1.331366,3.0853,5.603388,-3.309061,8.912449,4.416667,2.729454,1.687212
1683,5.664895,-0.414312,6.079207,4.416667,1.057866,3.358801,5.613646,2.452869,3.160777,4.416667,0.36332,4.053346
1684,5.67884,-1.018389,6.697229,4.416667,-0.229025,4.645692,5.656031,4.147848,1.508184,4.416667,4.127221,0.289445
1685,5.697788,-1.011929,6.709717,4.416667,-0.011802,4.428469,5.692169,-0.968702,6.66087,4.416667,1.137139,3.279528
1686,5.77411,-0.438789,6.212899,4.416667,-0.072813,4.489479,5.728193,-5.225242,10.953435,4.416667,-5.447023,9.86369
1687,5.808224,-0.643186,6.45141,4.416667,0.020395,4.396271,5.764106,-3.249101,9.013207,4.416667,-5.363794,9.780461
1688,5.891752,-1.03012,6.921872,4.416667,-0.272976,4.689642,5.826982,-0.932115,6.759097,4.416667,2.371067,2.045599
1689,5.887528,-0.140441,6.027969,4.416667,0.225592,4.191075,6.13764,0.702916,5.434724,4.416667,2.302381,2.114286
1690,5.920353,2.087821,3.832532,4.416667,2.088758,2.327909,5.852444,1.022092,4.830353,4.416667,1.015776,3.40089
1691,5.945324,3.282927,2.662398,4.416667,2.342639,2.074028,6.240729,1.439309,4.80142,4.416667,2.073623,2.343044
1692,5.956626,2.094748,3.861878,4.416667,2.824731,1.591935,5.662599,5.259053,0.403545,4.416667,4.627114,-0.210448
1693,5.94085,1.835557,4.105294,4.416667,2.127252,2.289415,5.957971,10.37259,-4.414619,4.416667,7.595137,-3.178471
1694,5.908954,2.101422,3.807532,4.416667,3.075738,1.340929,5.938906,5.116642,0.822264,4.416667,-3.586629,8.003295
1695,5.820986,2.859744,2.961242,4.416667,3.931043,0.485624,5.906096,-9.249365,15.15546,4.416667,5.745716,-1.329049
1696,5.801737,2.76105,3.040687,4.416667,3.871136,0.545531,6.027209,-1.111425,7.138634,4.416667,-2.579977,6.996643
1697,5.736526,0.09828,5.638246,4.966286,0.05323,4.913056,5.629167,2.883147,2.74602,4.416667,7.655179,-3.238512
1698,5.661933,-1.81705,7.478983,4.763905,-0.054403,4.818308,5.624957,6.747564,-1.122607,4.416667,8.060757,-3.64409
1699,5.6967,-1.281327,6.978026,4.561524,-1.965344,6.526867,5.52785,4.568196,0.959654,4.416667,4.207766,0.2089
1700,5.691069,-1.013537,6.704606,4.787714,-2.318276,7.10599,5.501497,-8.266799,13.768296,8.264,-19.130203,27.394203
1701,5.810558,-1.642722,7.45328,5.013905,-2.80397,7.817875,5.416755,-8.290668,13.707424,3,-4.34006,7.34006
1702,5.883397,-3.396776,9.280173,5.240095,-5.26746,10.507556,6.149462,-5.4993,11.648762,3.0,-7.630867,10.630867
1703,5.994324,-3.552663,9.546988,5.466286,-3.942406,9.408692,5.987793,0.763101,5.224692,6,-5.050505,11.050505
1704,6.015454,-2.573698,8.589152,5.142857,-3.048275,8.191132,6.465593,-1.521148,7.986741,6,4.255319,1.744681
1705,6.065075,-0.378973,6.444048,5.571429,-1.778916,7.350345,6.13483,-5.530812,11.665642,6,-9.183673,15.183673
1706,6.029164,4.988309,1.040855,6,1.6404,4.3596,6.30434,3.476984,2.827356,6,13.483146,-7.483146
1707,5.962035,4.582722,1.379312,6.328571,4.364571,1.964,5.649405,-1.414041,7.063446,6,-12.871287,18.871287
1708,5.833378,3.280465,2.552913,6.714286,5.278917,1.435369,5.764102,7.072407,-1.308304,6,4.545455,1.454545
1709,5.806954,3.555482,2.251472,7.1,2.992986,4.107014,5.898083,32.071674,-26.173591,6,16.304348,-10.304348
1710,5.592962,3.764445,1.828517,7.085714,0.501052,6.584662,5.517888,-2.076007,7.593895,8.3,14.018692,-5.718692
1711,5.551595,4.008309,1.543285,7.157143,3.22346,3.933683,5.564996,-10.63695,16.201946,8.7,10.655738,-1.955738
1712,5.415148,2.642776,2.772372,7.014286,2.712805,4.30148,5.949862,-3.605693,9.555555,8.7,-25.185185,33.885185
1713,5.225661,-2.926703,8.152364,6.871429,-0.3032,7.174629,4.806398,4.939723,-0.133325,5.9,-3.960396,9.860396
1714,5.155894,-3.244874,8.400768,6.328571,-2.883071,9.211643,5.359833,0.293012,5.066821,6.5,6.185567,0.314433
1715,5.067436,-2.385906,7.453342,5.728571,-4.706071,10.434643,4.808976,-2.486328,7.295304,5,0.970874,4.029126
1716,4.800086,-1.918674,6.71876,5.057143,-0.493748,5.550891,4.571675,-6.914676,11.486351,5,-4.807692,9.807692
1717,4.680567,-2.868991,7.549557,4.785714,0.808399,3.977315,5.029516,-4.303206,9.332722,4.5,-4.040404,8.540404
1718,4.52201,-3.139005,7.661015,4.571429,-0.355365,4.926794,4.945791,-4.624172,9.569963,4.5,-2.105263,6.605263
1719,4.422648,-2.586102,7.00875,4.285714,-1.636918,5.922633,4.078411,-0.335072,4.413483,4,4.301075,-0.301075
1720,4.356844,-1.359968,5.716812,4,-1.415944,5.415944,3.969765,-1.712492,5.682257,4.0,5.154639,-1.154639
1721,4.225297,0.193257,4.03204,3.785714,-0.036175,3.821889,4.24994,-1.597086,5.847026,5,-1.960784,6.960784
1722,4.116193,1.653522,2.462671,3.571429,0.720504,2.850925,4.113437,1.383988,2.729449,3,-8,11
1723,4.16306,1.677033,2.486027,3.428571,0.842442,2.58613,4.111049,1.668264,2.442785,3,-3.26087,6.26087
1724,4.263372,0.938839,3.324533,3.367143,-0.734272,4.101414,4.108687,6.569368,-2.460681,3.0,5.617978,-2.617978
1725,4.340041,1.107018,3.233022,3.139286,-0.007731,3.147017,4.182063,5.597681,-1.415618,3.0,3.191489,-0.191489
1726,4.452465,1.53128,2.921185,3.173571,1.856627,1.316944,4.406478,-0.170492,4.576969,3.0,5.154639,-2.154639
1727,4.588117,0.511387,4.076731,3.216429,1.086202,2.130227,4.671948,-6.87985,11.551799,3.57,-5.882353,9.452353
1728,4.623626,0.212892,4.410734,3.233571,-0.768998,4.00257,4.786622,-0.419833,5.206454,3.405,3.125,0.28
1729,4.783691,-1.263768,6.047459,3.237857,-1.062587,4.300445,4.900409,4.353819,0.54659,3.24,5.050505,-1.810505
1730,4.936883,-0.952167,5.88905,3.250714,-2.441019,5.691733,5.060614,-5.470987,10.531602,3.3,-8.653846,11.953846
1731,5.098857,0.904881,4.193976,3.196429,-1.096481,4.29291,4.35725,4.479905,-0.122655,3.12,-7.368421,10.488421
1732,5.044085,0.672465,4.37162,3.165714,-1.380572,4.546286,5.302515,-4.738935,10.041451,3.03,1.136364,1.893636
1733,4.961317,0.183986,4.777332,3.111429,-2.4231,5.534529,5.478824,2.010715,3.468109,3.09,-4.494382,7.584382
1734,4.812542,1.139033,3.673509,3.044286,-0.201615,3.2459,5.805763,6.119483,-0.313721,3.19,3.529412,-0.339412
1735,4.692112,0.6311,4.061011,3.007143,0.543797,2.463346,4.403222,-2.046745,6.449968,3.19,1.136364,2.053636
1736,4.501155,1.393178,3.107977,3.011429,0.067488,2.943941,4.321033,0.934465,3.386568,2.86,-2.247191,5.107191
1737,4.509068,2.657228,1.85184,2.998571,2.475192,0.523379,4.019188,1.214347,2.804841,2.83,6.896552,-4.066552
1738,4.30115,2.826784,1.474366,2.975714,3.113848,-0.138134,3.514236,0.924374,2.589862,2.86,-2.150538,5.010538
1739,4.29219,1.316424,2.975766,2.948571,1.761034,1.187537,3.965821,0.595607,3.370214,3.06,-2.197802,5.257802
1740,4.293558,0.466281,3.827277,2.964286,1.360561,1.603725,5.534212,10.859065,-5.324852,3,12.359551,-9.359551
1741,4.550546,-0.073887,4.624433,3.022857,-1.144418,4.167275,4.350338,7.306376,-2.956037,3.03,8,-4.97
1742,4.686901,-0.023919,4.71082,3.118571,-0.66713,3.785702,4.340502,-12.619266,16.959768,3,-8.333333,11.333333
1743,4.810769,0.573531,4.237238,3.168571,0.991379,2.177192,4.330607,-5.016537,9.347143,2.97,-5.050505,8.020505
1744,4.731395,-0.804783,5.536178,3.262857,-1.2351,4.497957,5.818108,-2.566825,8.384933,3.24,-10.638298,13.878298
1745,4.787667,-1.201948,5.989615,3.317143,-1.743037,5.06018,4.468718,1.274147,3.194571,3.53,1.190476,2.339524
1746,4.792801,0.351934,4.440866,3.312857,-0.248609,3.561466,4.832895,4.777754,0.055141,3.41,9.411765,-6.001765
1747,4.779001,1.382529,3.396472,3.317143,0.324082,2.993061,4.978598,1.210869,3.767728,3.66,-3.225806,6.885806
1748,4.558872,1.853761,2.705111,3.287143,2.219779,1.067364,4.744241,4.526218,0.218023,3.41,4.444444,-1.034444
1749,4.520533,2.01343,2.507102,3.191429,2.965462,0.225967,4.376437,-1.742086,6.118524,2.97,2.12766,0.84234
1750,4.406609,0.727949,3.67866,3.114507,1.448807,1.665701,4.234009,2.197622,2.036387,3,-1.041667,4.041667
1751,4.267455,0.247567,4.019888,3.00575,1.73542,1.27033,4.277206,0.731804,3.545401,3.03,2.631579,0.398421
1752,4.182792,-0.64983,4.832622,2.966331,0.395032,2.571299,4.200342,2.391831,1.808511,2.86,6.410256,-3.550256
1753,4.148483,0.272714,3.875769,3.02271,1.204253,1.818456,4.035427,-4.220616,8.256043,2.871552,-1.204819,4.076371
1754,4.198718,1.566194,2.632524,3.071878,5.311755,-2.239877,4.004524,-2.151803,6.156327,2.898698,-1.219512,4.118211
1755,4.244154,1.469446,2.774707,3.103018,4.12719,-1.024172,4.151603,-1.755559,5.907162,3.134068,-4.938272,8.07234
1756,4.314749,0.805455,3.509294,3.213071,1.354296,1.858775,4.136268,4.715716,-0.579447,3.364648,7.792208,-4.427559
1757,4.443475,1.022368,3.421107,3.328571,0.376988,2.951584,4.585657,11.251984,-6.666327,3.344176,27.710843,-24.366668
1758,4.538466,1.246529,3.291937,3.474471,0.372632,3.101838,4.595254,0.054572,4.540681,3.247982,-5.660377,8.908359
1759,4.611299,1.70293,2.908369,3.594183,1.620595,1.973588,4.69451,-2.256107,6.950617,3.630371,-13,16.630371
1760,4.635946,1.082869,3.553077,3.593443,0.855855,2.737588,4.936511,-2.702224,7.638735,3.680057,-8.045977,11.726034
1761,4.64183,0.280408,4.361422,3.619331,-1.742293,5.361624,4.66946,-0.582681,5.25214,3.919992,-1.25,5.169992
1762,4.594778,0.71837,3.876409,3.636479,-0.15727,3.793749,4.661431,1.439249,3.222182,3.972056,3.797468,0.174588
1763,4.577399,1.200119,3.37728,3.597409,1.699873,1.897536,4.308799,0.37529,3.933509,3.359466,2.439024,0.920442
1764,4.493583,2.381716,2.111868,3.552535,5.058429,-1.505894,4.626844,5.634755,-1.007912,3.525395,9.52381,-5.998415
1765,4.431913,2.66199,1.769923,3.463673,4.854347,-1.390675,4.265893,3.120304,1.145589,3.368014,5.434783,-2.066769
1766,4.442344,1.849528,2.592815,3.381225,2.345928,1.035298,4.572858,1.116142,3.456716,3.356879,0,3.356879
1767,4.582078,2.696995,1.885083,3.418029,2.605398,0.812631,4.3498,5.568951,-1.219151,3.365942,15.463918,-12.097976
1768,4.665968,2.811579,1.854389,3.405881,2.097039,1.308842,4.237765,1.379238,2.858527,3.297956,-2.678571,5.976528
1769,4.810171,2.347824,2.462347,3.408912,2.007876,1.401035,4.734447,-4.247981,8.982428,3.394925,-13.761468,17.156393
1770,4.853566,1.670493,3.183073,3.423178,2.06368,1.359498,5.286938,6.307557,-1.020619,3.617093,4.255319,-0.638226
1771,4.892687,1.063917,3.82877,3.42738,-0.3539,3.781281,5.214077,6.436843,-1.222765,3.440356,5.965293,-2.524937
1772,4.90487,0.872348,4.032521,3.439227,-0.098169,3.537395,5.275313,-0.12598,5.401293,3.389231,4.810645,-1.421414
1773,4.842165,0.850174,3.991991,3.462993,0.957112,2.50588,4.876621,-3.625176,8.501797,3.456743,0.390625,3.066118
1774,4.732021,0.716347,4.015674,3.493056,0.97231,2.520746,4.623646,1.322915,3.300731,3.395359,-1.459144,4.854503
1775,4.699718,0.134478,4.56524,3.675119,0.338561,3.336558,4.323045,0.03826,4.284785,3.380881,-0.88845,4.269331
1776,4.660195,-0.830454,5.49065,3.888395,-1.080171,4.968567,4.295515,-4.403204,8.698719,3.561286,-6.374502,9.935788
1777,4.657572,-0.506725,5.164297,4.094275,-0.984803,5.079078,4.515931,5.370772,-0.854841,3.827537,4.361702,-0.534165
1778,4.703092,0.226285,4.476807,4.341142,0.629779,3.711363,4.987955,2.363758,2.624197,4.714798,1.529052,3.185746
1779,4.864243,0.438837,4.425406,4.594459,0.852029,3.74243,4.998655,-6.880505,11.87916,4.882165,-5.120482,10.002646
1780,4.974343,1.089526,3.884817,4.759479,1.803257,2.956222,4.858255,-1.35907,6.217325,4.897898,1.058201,3.839697
1781,5.042257,0.679558,4.362699,4.93824,0.465196,4.473044,4.942288,6.453986,-1.511697,5.123428,9.842932,-4.719504
1782,5.029808,-0.173523,5.203331,4.970752,-0.378062,5.348814,5.451105,1.526124,3.924981,5.154102,0.667302,4.486799
1783,5.248297,0.805683,4.442614,4.855412,0.264335,4.591077,5.066213,0.151616,4.914597,4.716423,0.284091,4.432332
1784,5.412226,1.944407,3.467819,4.728886,0.367198,4.361687,4.99133,2.500997,2.490333,5.078869,-5.004721,10.08359
1785,5.644784,1.086773,4.558012,4.56909,-0.818703,5.387793,4.900809,-3.607811,8.50862,4.942378,-4.373757,9.316136
1786,5.651756,1.129653,4.522103,4.390968,-0.957409,5.348377,6.528079,-0.026058,6.554137,4.074786,-0.623701,4.698486
1787,5.617417,1.423221,4.194196,4.273276,-0.069785,4.343061,6.005757,6.611998,-0.60624,4.012215,1.778243,2.233972
1788,5.52041,0.411524,5.108885,4.072883,0.481754,3.591129,6.570198,0.450544,6.119654,4.004859,1.541624,2.463236
1789,5.444369,1.362828,4.081541,3.842276,0.775953,3.066323,5.499909,1.826285,3.673624,3.907244,-0.303644,4.210888
1790,5.186221,3.131466,2.054756,3.826072,1.739401,2.086672,4.825838,2.206591,2.619247,3.892581,6.497462,-2.604881
1791,5.021863,2.404909,2.616954,3.887378,1.923904,1.963474,4.312276,-4.58088,8.893156,3.676116,-1.143947,4.820063
1792,4.774026,3.662566,1.11146,3.961017,3.947097,0.01392,4.368524,3.051316,1.317208,3.328129,-2.314368,5.642497
1793,4.826991,3.197411,1.62958,4.091242,4.335917,-0.244674,4.721048,12.354407,-7.633359,3.961361,6.120434,-2.159073
1794,5.423222,2.464736,2.958487,4.357951,1.9824,2.37555,4.855251,1.526099,3.329152,4.441355,3.069767,1.371588
1795,7.054225,3.077671,3.976554,4.679996,2.339198,2.340797,4.835338,9.254144,-4.418806,4.520331,15.703971,-11.183641
1796,7.760725,3.962197,3.798528,4.931533,5.662906,-0.731373,5.870662,-1.429798,7.30046,4.818822,2.418097,2.400725
1797,7.967706,4.68383,3.283877,5.037473,10.002844,-4.965371,8.999458,-2.922138,11.921596,5.75954,-9.977152,15.736691
1798,8.068429,5.280197,2.788232,5.103116,11.235734,-6.132618,15.729296,-0.290329,16.019626,5.930431,1.353638,4.576793
1799,8.253939,2.551099,5.702841,5.060993,5.706596,-0.645602,9.314019,9.242992,0.071027,5.088894,20.951586,-15.862692
1800,8.347965,2.727949,5.620016,5.098264,4.518296,0.579968,6.16992,17.405837,-11.235918,4.702937,36.5,-31.797063
1801,7.984344,3.21779,4.766554,5.025925,6.400746,-1.374822,5.560311,5.700671,-0.140361,4.900859,11.7,-6.799141
1802,6.638938,4.099538,2.5394,4.902907,8.521655,-3.618748,6.133908,-9.849545,15.983454,4.225471,-23,27.225471
1803,6.190937,2.382751,3.808186,4.874127,4.9,-0.025873,6.528842,-0.191848,6.72069,5.07972,-5.9,10.97972
1804,6.131171,-0.695378,6.826549,4.883102,-0.585714,5.468817,6.454109,0.506751,5.947358,5.253162,3.2,2.053162
1805,6.192597,-0.943711,7.136308,4.829001,-1.771429,6.60043,6.311459,5.881909,0.42955,5.069307,16.2,-11.130693
1806,6.184988,0.388429,5.796559,4.851652,2.9,1.951652,6.178013,-2.774516,8.952529,4.887436,-4.4,9.287436
1807,6.428875,0.991399,5.437476,4.755769,4.2,0.555769,5.751555,-4.14107,9.892625,4.765763,-1.9,6.665763
1808,6.911101,2.612351,4.29875,4.673056,3.328571,1.344484,5.990289,3.962341,2.027947,4.52215,3.4,1.12215
1809,7.299234,3.373622,3.925612,4.664997,2.9,1.764997,6.080648,-0.524564,6.605212,4.38403,9.7,-5.31597
1810,7.705644,2.880271,4.825374,4.687861,3.885714,0.802147,8.23605,4.028938,4.207111,4.408535,3.2,1.208535
1811,8.021347,2.65082,5.370528,4.652964,2.342857,2.310106,9.829692,11.853418,-2.023725,4.674168,-2.9,7.574168
1812,8.322451,1.88725,6.435201,4.726293,0.328571,4.397722,9.02839,11.210808,-2.182417,5.012897,13.2,-8.187103
1813,8.667487,2.349547,6.317941,4.787003,-2.257143,7.044146,9.022885,-6.227977,15.250863,5.047486,2.5,2.547486
1814,8.657608,3.393297,5.264311,4.727869,-0.785714,5.513583,7.961477,-5.747226,13.708703,4.521479,-12.7,17.221479
1815,8.606456,0.051015,8.555441,4.610012,-0.328571,4.938583,8.098014,-1.382648,9.480663,5.035458,-10.7,15.735458
1816,8.836208,-2.83446,11.670668,4.49196,-2.571429,7.063388,8.495903,2.711516,5.784387,4.809001,-8.4,13.209001
1817,8.403197,-2.977205,11.380402,4.395946,-4.257143,8.653089,8.16689,11.335187,-3.168297,3.994592,13.5,-9.505408
1818,8.08526,-3.309707,11.394967,4.321258,-4.157143,8.478401,9.471632,-11.542557,21.014189,3.84917,0.3,3.54917
1819,7.665376,-3.419173,11.084549,4.139572,-4.557143,8.696715,10.636657,-8.987515,19.624171,4.186532,-2.5,6.686532
1820,7.261865,-3.473216,10.735081,3.992606,-2.385714,6.37832,5.991805,-7.227192,13.218996,4.375389,-9.3,13.675389
1821,6.904682,-5.498346,12.403028,3.880699,-3.085714,6.966414,5.735921,-8.074741,13.810662,3.998662,-12,15.998662
1822,6.585665,-3.212168,9.797833,3.814699,-0.642857,4.457556,5.158825,-2.148908,7.307733,3.763659,-13.5,17.263659
1823,6.092537,-1.837343,7.92988,3.760554,-1.071429,4.831982,5.671328,2.333216,3.338111,3.780239,6.8,-3.019761
1824,6.328635,-0.289647,6.618282,3.64761,-0.671429,4.319039,5.666608,-2.840727,8.507335,3.211244,8.6,-5.388756
1825,6.603004,0.986828,5.616175,3.577889,0.628571,2.949318,7.238515,4.460689,2.777825,3.387169,17.4,-14.012831
1826,6.878102,1.264585,5.613516,3.524459,2.414286,1.110173,7.184755,0.636259,6.548496,3.807513,-5.5,9.307513
1827,7.055813,0.977724,6.078089,3.469325,0.928571,2.540753,7.644495,3.606683,4.037811,3.584788,-6.5,10.084788
1828,7.203817,2.474971,4.728847,3.541345,1.114286,2.427059,7.656501,0.860585,6.795916,3.510611,-2.9,6.410611
1829,7.05877,1.532782,5.525987,3.573122,-2.428571,6.001693,7.084511,-0.204609,7.28912,3.389646,-1,4.389646
1830,6.81622,0.723939,6.092282,3.519844,-2.514286,6.034129,6.915311,0.325189,6.590121,3.394301,-3.6,6.994301
1831,6.363963,-1.022053,7.386016,3.482868,-2.7,6.182868,6.702634,7.639997,-0.937362,3.715385,9.9,-6.184615
1832,5.897226,-0.498155,6.395382,3.455382,-2.042857,5.49824,6.223181,-2.134628,8.357809,3.609609,-7.4,11.009609
1833,5.66652,0.295996,5.370523,3.449036,-0.328571,3.777607,5.486909,-5.025647,10.512556,3.434566,-6.1,9.534566
1834,5.461477,1.019062,4.442414,3.437345,0.542857,2.894488,4.478697,-8.615257,13.093954,3.325954,-7.8,11.125954
1835,5.318569,0.307943,5.010626,3.368167,-0.771429,4.139595,4.389343,4.52787,-0.138527,3.318215,1.7,1.618215
1836,5.169073,1.141416,4.027657,3.322722,1.328571,1.994151,5.469564,5.354451,0.115113,3.345218,11,-7.654782
1837,5.121894,1.463159,3.658735,3.311089,2.457143,0.853946,5.480008,5.386651,0.093357,3.312466,2.5,0.812466
1838,5.222556,2.323998,2.898558,3.319379,3.242857,0.076522,5.702281,2.662158,3.040123,3.231138,0.7,2.531138
1839,5.341208,1.633938,3.707271,3.315086,1.914286,1.400801,5.176708,3.699684,1.477024,3.291496,7.3,-4.008504
1840,5.304874,0.352368,4.952506,3.28914,-1.271429,4.560568,5.156658,-2.773446,7.930104,3.353134,1.8,1.553134
1841,5.214063,-0.783688,5.997751,3.250516,-1.642857,4.893373,5.183329,-2.58938,7.77271,3.383984,-2.3,5.683984
1842,5.097707,-0.562323,5.660029,3.227781,-1.042857,4.270638,5.219907,-0.302556,5.522464,3.288167,-7.6,10.888167
1843,5.090275,0.207299,4.882976,3.20945,-1.514286,4.723736,5.215227,-3.616533,8.83176,3.163593,-11.3,14.463593
1844,5.175625,1.849152,3.326473,3.22506,-0.057143,3.282203,4.844328,-2.565746,7.410074,3.042099,-0.1,3.142099
1845,5.447478,0.197553,5.249925,3.244641,-1.457143,4.701784,4.887789,4.211719,0.67607,3.071997,4.9,-1.828003
1846,5.544534,-0.26372,5.808254,3.239658,-1.271429,4.511087,5.124685,9.087032,-3.962347,3.16318,4,-0.83682
1847,5.65694,-0.469411,6.126351,3.23555,-0.571429,3.806978,5.75411,8.719531,-2.965421,3.462403,12,-8.537597
1848,5.595152,0.713505,4.881647,3.245536,-0.985714,4.23125,7.0863,-14.150577,21.236877,3.521051,-12.1,15.621051
1849,5.470006,0.644356,4.82565,3.239703,-1.685714,4.925417,5.899296,-3.531469,9.430765,3.253285,-6.3,9.553285
1850,5.330758,0.573454,4.757304,3.230903,-0.928571,4.159475,6.002073,-5.056365,11.058438,3.134833,-6.4,9.534833
1851,5.145073,1.134649,4.010424,3.207691,-0.485714,3.693405,4.41181,5.714666,-1.302856,3.112,-3,6.112
1852,4.760532,3.664643,1.095889,3.183303,1.714286,1.469017,4.011767,3.727672,0.284095,3.031167,0,3.031167
1853,4.538651,4.303825,0.234826,3.180024,2.614286,0.565738,4.149953,8.590723,-4.440771,3.101583,9.3,-6.198417
1854,4.306836,4.113091,0.193745,3.201405,2.728571,0.472833,4.454311,12.647896,-8.193585,3.299917,15.1,-11.800083
1855,4.258067,2.496611,1.761457,3.201631,1.957143,1.244488,4.394517,3.559381,0.835135,3.350333,3.3,0.050333
1856,4.279116,1.83798,2.441136,3.225095,1.7,1.525095,4.346125,0.942803,3.403322,3.230333,0,3.230333
1857,4.363053,1.005348,3.357705,3.241976,0.9,2.341976,4.379367,-6.391507,10.770874,3.2845,-5.6,8.8845
1858,4.447539,-0.35787,4.805409,3.240452,-0.871429,4.111881,4.070433,-5.600692,9.671125,3.113583,-8.4,11.513583
1859,4.495968,-0.677499,5.173468,3.224179,-1.714286,4.938464,4.159107,-0.882745,5.041852,3.195417,-1.8,4.995417
1860,4.53718,-0.775829,5.313008,3.228048,-2.228571,5.456619,4.737513,2.762299,1.975214,3.21975,3.7,-0.48025
1861,4.576983,1.001796,3.575187,3.237012,-1.557143,4.794155,5.045712,3.10537,1.940342,3.28925,2.7,0.58925
1862,4.678781,1.764259,2.914522,3.273571,-0.228571,3.502143,4.733522,1.321977,3.411545,3.236417,-2.6,5.836417
1863,4.796992,2.44326,2.353731,3.306667,0.957143,2.349524,4.634602,0.254496,4.380106,3.257417,-3.6,6.857417
1864,4.838193,2.813229,2.024964,3.309655,1.3,2.009655,4.657989,6.051864,-1.393876,3.34725,-0.9,4.24725
1865,4.834113,2.248844,2.585269,3.299536,0.671429,2.628107,4.783021,-0.263447,5.046468,3.3695,0.9,2.4695
1866,4.882518,1.384637,3.497881,3.300702,0.328571,2.972131,4.986582,3.870263,1.11632,3.427083,6.5,-3.072917
1867,5.021322,1.27197,3.749352,3.30244,0.842857,2.459583,5.025922,5.352083,-0.326161,3.240667,6.1,-2.859333
1868,5.089675,0.857573,4.232102,3.28856,1.171429,2.117131,5.017155,-0.845326,5.862481,3.218417,-1.7,4.918417
1869,5.156352,0.966797,4.189556,3.273143,1.714286,1.558857,5.072355,-4.727471,9.799825,3.244583,-5,8.244583
1870,5.233318,1.013497,4.219821,3.24881,1.228571,2.020238,5.606232,-0.534177,6.140409,3.269583,0,3.269583
1871,5.265091,0.652074,4.613018,3.251929,-0.114286,3.366214,5.13646,3.151086,1.985374,3.250083,1.4,1.850083
1872,5.279855,0.050952,5.228903,3.251417,-0.142857,3.394274,5.24976,0.501119,4.748641,3.261583,4.7,-1.438417
1873,5.302075,0.553649,4.748425,3.241226,0.528571,2.712655,5.525344,4.197167,1.328177,3.25675,3.1,0.15675
1874,5.245463,0.573471,4.671992,3.225893,0.428571,2.797321,5.248333,2.822118,2.426215,3.2625,-3.3,6.5625
1875,5.22601,-0.391981,5.617992,3.214619,-0.085714,3.300333,5.120502,-5.053177,10.173679,3.214833,-1.9,5.114833
1876,5.143347,0.019825,5.123523,3.190131,-1.385714,4.575845,5.227891,-1.20859,6.43648,3.17325,-0.3,3.47325
1877,4.972156,0.05808,4.914077,3.161833,-1.4,4.561833,5.20995,-0.395424,5.605374,3.16225,-0.7,3.86225
1878,4.791831,-0.180066,4.971897,3.11369,-1.085714,4.199405,5.000293,-3.607082,8.607375,3.171167,-2.2,5.371167
1879,4.637667,0.256571,4.381096,3.074464,-0.671429,3.745893,4.671119,3.38376,1.287359,3.090167,-4.4,7.490167
1880,4.441364,0.102314,4.33905,3.028476,-0.7,3.728476,4.327007,4.464953,-0.137946,3.058667,3,0.058667
1881,4.229795,-0.426028,4.655822,2.967298,-0.985714,3.953012,3.986052,1.155095,2.830957,2.9255,-1.1,4.0255
1882,4.052365,0.118663,3.933702,2.92331,-1.1,4.02331,4.041355,-1.996714,6.038069,2.94025,1,1.94025
1883,3.900011,-0.544575,4.444585,2.886262,-0.7,3.586262,3.853775,-2.288387,6.142162,2.851333,-0.5,3.351333
1884,3.798738,-1.205052,5.00379,2.841976,-1.2,4.041976,3.728963,-4.093818,7.822781,2.734,-2.7,5.434
1885,3.734825,-1.319438,5.054262,2.801679,-0.942857,3.744536,3.758284,0.205754,3.55253,2.86325,-3,5.86325
1886,3.659521,-0.649388,4.308909,2.759571,-0.885714,3.645286,3.604639,-1.258905,4.863544,2.830833,-1.6,4.430833
1887,3.614111,-0.188537,3.802647,2.736036,-0.785714,3.52175,3.6181,-0.158388,3.776488,2.748667,-0.5,3.248667
1888,3.605572,0.404293,3.201279,2.731714,-0.3,3.031714,3.538655,0.354394,3.184261,2.643417,0.7,1.943417
1889,3.593855,0.108664,3.485191,2.703964,0.185714,2.51825,3.514231,2.693638,0.820593,2.6455,1.4,1.2455
1890,3.60508,-0.045241,3.65032,2.673631,0.314286,2.359345,3.535903,0.937569,2.598333,2.686583,0.2,2.486583
1891,3.593561,-0.269506,3.863067,2.643512,0.1,2.543512,3.669193,0.055989,3.613204,2.70375,0.7,2.00375
1892,3.597057,-0.443041,4.040098,2.609667,-0.142857,2.752524,3.676265,-1.863647,5.539912,2.669,0.4,2.269
1893,3.585543,-0.778969,4.364512,2.5605,-0.385714,2.946214,3.683209,-2.33624,6.019449,2.6185,-0.7,3.3185
1894,3.545052,-0.656802,4.201854,2.500083,-0.2,2.700083,3.53747,-1.728243,5.265713,2.537833,-2,4.537833
1895,3.50157,-0.64985,4.15142,2.440857,-0.257143,2.698,3.563129,-0.860352,4.423481,2.4065,-1,3.4065
1896,3.446567,-0.129659,3.576226,2.39931,-0.214286,2.613595,3.433635,0.34214,3.091495,2.301333,-0.3,2.601333
1897,3.38912,0.590823,2.798297,2.389155,0.614286,1.774869,3.252462,1.792739,1.459723,2.263667,1.5,0.763667
1898,3.352293,0.920495,2.431798,2.410988,0.971429,1.43956,3.36482,0.104652,3.260168,2.289167,0.3,1.989167
1899,3.305008,1.200518,2.10449,2.449417,1.114286,1.335131,3.291246,1.777691,1.513554,2.378167,0.7,1.678167
1900,3.285779,1.338315,1.947464,2.518798,1.214286,1.304512,3.281076,2.707135,0.573941,2.547417,5.1,-2.552583
1901,3.299837,1.263281,2.036555,2.604024,0.971429,1.632595,3.279683,0.579457,2.700227,2.690667,0.5,2.190667
1902,3.289885,1.739235,1.55065,2.6785,0.985714,1.692786,3.232132,1.099813,2.132319,2.6755,0,2.6755
1903,3.288059,1.761308,1.52675,2.747119,0.885714,1.861405,3.299034,1.306716,1.992318,2.787,0.4,2.387
1904,3.313586,1.648616,1.664969,2.811643,0.328571,2.483071,3.350866,1.267505,2.08336,2.86025,-0.2,3.06025
1905,3.328711,1.199083,2.129628,2.845131,0.328571,2.51656,3.295159,3.436327,-0.141168,2.8105,0.4,2.4105
1906,3.356661,1.769289,1.587371,2.893667,0.4,2.493667,3.27846,1.932206,1.346254,2.8585,0,2.8585
1907,3.381276,1.660162,1.721115,2.94119,0.471429,2.469762,3.459767,1.91829,1.541476,2.999083,1.2,1.799083
1908,3.410177,1.999237,1.41094,2.987845,0.514286,2.47356,3.38556,-2.567277,5.952837,2.925083,0.5,2.425083
1909,3.459635,1.884984,1.574651,3.060619,0.885714,2.174905,3.427779,5.091257,-1.663478,3.01525,0.5,2.51525
1910,3.526998,1.516826,2.010171,3.141905,0.828571,2.313333,3.471344,0.542823,2.928521,3.119667,0.9,2.219667
1911,3.595977,1.712432,1.883545,3.21094,0.614286,2.596655,3.55317,3.641035,-0.087865,3.186833,0.1,3.086833
1912,3.731068,3.232256,0.498811,3.344214,2.328571,1.015643,3.641369,2.636554,1.004814,3.319917,3,0.319917
1913,3.885504,4.472001,-0.586497,3.530107,4.842857,-1.31275,3.749994,-0.644899,4.394893,3.4275,-0.4,3.8275
1914,4.061233,7.538232,-3.476999,3.739048,8.314286,-4.575238,3.942625,3.287534,0.655091,3.482333,-0.3,3.782333
1915,4.221784,10.294472,-6.072688,3.916452,11.442857,-7.526405,4.331194,8.071491,-3.740297,3.858,12.5,-8.642
1916,4.414914,11.687203,-7.272289,4.104631,12.457143,-8.352512,4.508831,13.769468,-9.260636,4.3165,18.1,-13.7835
1917,4.669728,13.538187,-8.868459,4.386417,12.892215,-8.505798,4.701445,22.00644,-17.304995,4.58225,25.2,-20.61775
1918,4.819985,11.50138,-6.681396,4.527512,11.38868,-6.861168,4.677031,22.934718,-18.257687,4.428667,22,-17.571333
1919,4.865512,9.737052,-4.871541,4.593512,9.27266,-4.679148,4.99328,12.385671,-7.392391,4.637167,10.1,-5.462833
1920,4.893813,8.182165,-3.288353,4.598298,7.025069,-2.426772,5.533687,12.311986,-6.778299,5.4,2.645503,2.754497
1921,4.937402,5.220355,-0.282953,4.509405,3.425069,1.084335,4.994423,-10.970111,15.964534,4.47,-10.824742,15.294742
1922,4.985263,2.404818,2.580445,4.419595,0.777671,3.641925,4.649884,-4.278804,8.928688,4.32,-2.312139,6.632139
1923,4.918925,0.925742,3.993184,4.265714,-0.824804,5.090518,4.706937,2.885258,1.821679,4.35,2.366864,1.983136
1924,4.744098,-1.299519,6.043616,3.947143,-1.525573,5.472716,5.006573,1.27377,3.732803,3.96,0,3.96
1925,4.660846,0.436249,4.224597,3.801429,-0.144335,3.945763,5.012055,3.225952,1.786103,3.8,3.468208,0.331792
1926,4.614922,1.024014,3.590908,3.664286,0.269513,3.394772,4.528917,2.03214,2.496778,3.56,-1.117318,4.677318
1927,4.545717,-0.135545,4.681262,3.502857,-0.982231,4.485089,4.309896,-3.264835,7.574731,3.17,-2.259887,5.429887
1928,4.485533,-1.416176,5.901709,3.498571,-2.313199,5.81177,4.411663,1.180262,3.2314,3.45,-1.156069,4.606069
1929,4.388585,-2.832611,7.221196,3.434286,-4.276367,7.710653,4.328414,-0.164446,4.49286,3.36,0.584795,2.775205
1930,4.351407,-3.06592,7.417328,3.43,-4.007699,7.437699,4.222504,-5.231658,9.454161,3.22,-6.395349,9.615349
1931,4.294546,-2.690859,6.985405,3.404286,-3.468408,6.872694,4.585285,-7.690646,12.275931,3.93,-9.31677,13.24677
1932,4.185583,-2.626788,6.812371,3.314286,-2.876816,6.191102,4.333417,-6.689092,11.022509,3.35,-10.273973,13.623973
1933,4.053691,-2.086591,6.140281,3.194286,-2.753319,5.947604,4.268674,0.398972,3.869703,3.53,0.763359,2.766641
1934,3.937165,-0.48248,4.419645,3.117143,-1.431534,4.548677,3.911867,-0.639404,4.551271,2.99,1.515152,1.474848
1935,3.751545,0.88448,2.867065,2.91,-0.497392,3.407392,3.648923,1.62876,2.020162,2.82,2.985075,-0.165075
1936,3.607009,2.476779,1.13023,2.76,0.970318,1.789682,3.405165,3.616934,-0.211769,2.52,1.449275,1.070725
1937,3.4407,3.478928,-0.038228,2.524286,0.963307,1.560978,3.406828,5.997118,-2.59029,2.68,2.857143,-0.177143
1938,3.314088,4.866819,-1.552731,2.392857,2.165297,0.22756,3.285943,1.878072,1.407871,2.48,-2.777778,5.257778
1939,3.211408,5.759979,-2.548571,2.291429,3.02918,-0.737752,3.321664,4.457,-1.135337,2.3,0,2.3
1940,3.134518,6.284358,-3.14984,2.234286,3.244795,-1.01051,3.104509,7.414017,-4.309508,1.88,0.714286,1.165714
1941,2.952706,8.60166,-5.648954,2.151429,3.165039,-1.013611,3.025586,9.075831,-6.050245,2.07,9.929078,-7.859078
1942,2.750166,9.608862,-6.858696,2.035714,3.882892,-1.847178,2.930163,7.88088,-4.950717,2.11,9.032258,-6.922258
1943,2.634192,11.765532,-9.13134,1.967143,6.473159,-4.506016,2.866936,7.287587,-4.420651,2.12,2.95858,-0.83858
1944,2.605692,12.715837,-10.110145,2.01,7.633576,-5.623576,2.134141,22.218229,-20.084088,2.1,2.298851,-0.198851
1945,2.62437,12.998249,-10.37388,2.017143,6.642487,-4.625344,1.86816,8.928488,-7.060328,1.67,2.247191,-0.577191
1946,2.640173,11.734367,-9.094194,1.972857,5.05578,-3.082923,2.50985,19.553694,-17.043844,1.82,18.131868,-16.311868
1947,2.709872,11.356777,-8.646905,1.981429,5.480584,-3.499155,2.905007,14.066148,-11.161141,2.18,8.837209,-6.657209
1948,2.920164,9.491878,-6.571713,2.04,6.009319,-3.969319,3.156331,11.052719,-7.896388,2.12,2.991453,-0.871453
1949,3.167813,8.546042,-5.378229,2.161429,5.796109,-3.63468,3.040788,-0.966297,4.007085,1.8,-2.074689,3.874689
1950,3.383845,5.915589,-2.531744,2.271429,3.312851,-1.041423,3.354826,4.644457,-1.289631,2.18,5.932203,-3.752203
1951,3.501567,4.03214,-0.530573,2.318571,1.944179,0.374392,3.606189,9.163933,-5.557745,2.51,6,-3.49
1952,3.649517,2.67391,0.975608,2.438571,1.570333,0.868238,3.601701,2.307641,1.29406,2.52,0.754717,1.765283
1953,3.918261,3.245879,0.672383,2.694286,2.293157,0.401129,4.022074,1.140524,2.88155,2.59,0.749064,1.840936
1954,4.17309,3.111626,1.061464,2.841429,1.859778,0.981651,3.729058,0.881999,2.847059,2.51,-0.743494,3.253494
1955,4.364777,2.139969,2.224807,3.034286,1.254144,1.780142,4.191986,1.545111,2.646875,2.96,0.374532,2.585468
1956,4.636035,2.115609,2.520426,3.344286,1.393485,1.950801,4.921993,3.037484,1.884508,3.59,2.985075,0.604925
1957,4.795589,2.184286,2.611302,3.522857,1.480839,2.042018,5.13863,3.70469,1.43394,3.21,2.898551,0.311449
1958,5.088655,2.409858,2.678797,3.744286,1.68293,2.061356,4.947994,2.362337,2.585657,3.86,1.760563,2.099437
1959,5.233367,2.631453,2.601915,3.871429,1.819902,2.051527,5.500507,2.137118,3.363389,4.69,1.730104,2.959896
1960,5.296792,2.651028,2.645764,3.95,1.628425,2.321575,5.138954,1.621266,3.517688,3.84,1.360544,2.479456
1961,5.365023,2.490082,2.874941,4.092857,1.353042,2.739815,5.780525,2.461001,3.319524,4.06,0.671141,3.388859
1962,5.491091,2.642212,2.84888,4.205714,1.376259,2.829456,5.20497,3.096274,2.108696,3.85,1.333333,2.516667
1963,5.529512,2.831747,2.697765,4.198571,1.623261,2.575311,5.365964,3.174509,2.191455,4.14,1.644737,2.495263
1964,5.680258,3.052175,2.628083,4.464286,1.863114,2.601172,5.616248,2.578072,3.038176,4.21,0.970874,3.239126
1965,5.780875,3.270911,2.509963,4.764286,2.441488,2.322797,5.830472,3.427244,2.403228,4.65,1.923077,2.726923
1966,6.136258,3.607292,2.528966,5.34,3.136324,2.203676,5.769449,3.463862,2.305587,4.64,3.459119,1.180881
1967,6.432761,3.97415,2.458611,5.677143,3.697118,1.980025,6.19418,3.164265,3.029915,5.7,3.039514,2.660486
1968,6.631694,4.310298,2.321396,5.917143,4.02504,1.892103,6.484842,3.992155,2.492687,6.16,4.719764,1.440236
1969,6.837196,4.557101,2.280095,6.168571,4.236933,1.931639,7.692652,5.450938,2.241714,7.88,6.197183,1.682817
1970,7.156999,5.583909,1.573089,6.491429,4.98647,1.504958,7.441482,5.742512,1.69897,6.5,5.570292,0.929708
1971,7.606772,7.218729,0.388042,6.734286,6.314777,0.419508,7.008782,4.931114,2.077669,5.89,3.266332,2.623668
1972,7.984685,7.960734,0.023952,6.962857,6.631442,0.331415,7.268985,5.154862,2.114123,6.41,3.406326,3.003674
1973,8.145142,8.423509,-0.278367,6.81,6.441111,0.368889,8.008068,10.651521,-2.643453,6.9,8.705882,-1.805882
1974,8.329608,8.772662,-0.443055,6.992857,6.602645,0.390212,9.342592,14.608004,-5.265412,7.4,12.337662,-4.937662
1975,8.628638,9.177954,-0.549316,7.458571,7.424271,0.034301,9.130235,9.186185,-0.05595,7.76,6.936416,0.823584
1976,9.062667,10.067586,-1.004919,8.018571,8.836788,-0.818216,8.815851,8.690367,0.125484,6.81,4.864865,1.945135
1977,9.635159,10.250701,-0.615542,8.808571,9.381133,-0.572561,8.73274,8.186585,0.546156,7.78,6.701031,1.078969
1978,10.19,9.597682,0.592318,9.740195,9.101225,0.63897,9.101992,7.768156,1.333836,9.15,9.017713,0.132287
1979,10.631495,9.251194,1.380301,10.489552,8.990074,1.499478,10.307189,11.382286,-1.075097,10.33,13.293944,-2.963944
1980,10.935411,8.649025,2.286386,11.102838,8.746455,2.356383,12.015512,11.933322,0.082191,12.43,12.516297,-0.086297
1981,11.231343,8.129431,3.101912,11.77114,8.413193,3.357946,13.22648,10.036876,3.189604,13.921365,10.37831,3.543055
1982,11.29856,7.555728,3.742832,11.981111,7.628934,4.352177,12.220701,6.760769,5.459933,13.005502,6.15836,6.847142
1983,10.917083,6.169385,4.747698,11.601517,6.007504,5.594013,10.94326,4.47518,6.46808,11.103,3.15953,7.94347
1984,10.351808,4.873794,5.478014,11.024757,4.730634,6.294123,10.804265,4.549428,6.254836,12.458112,4.3682,8.089912
1985,9.622263,3.923171,5.699092,10.29999,3.833739,6.466252,9.572515,3.752234,5.820281,10.619798,3.5279,7.091898
1986,9.094366,3.600076,5.49429,9.65545,3.638414,6.017036,7.636846,1.677885,5.958961,7.67284,1.94393,5.72891
1987,8.83105,3.684186,5.146864,9.291079,3.961227,5.329852,8.058588,2.864184,5.194404,8.39268,3.57821,4.81447
1988,8.458624,3.611352,4.847272,8.634554,3.93946,4.695094,8.119662,3.382513,4.737149,8.848,4.10004,4.74796
1989,8.168617,3.479294,4.689324,8.118704,3.869991,4.248712,8.525425,4.499106,4.02632,8.49372,4.79109,3.70263
1990,7.898865,3.627188,4.271677,7.860624,4.016523,3.844101,9.10005,5.063952,4.036097,8.5524,5.41922,3.13318
1991,7.811556,3.546736,4.26482,7.673838,3.87615,3.797688,8.197281,4.039586,4.157694,7.86244,4.21583,3.64661
1992,7.576681,3.394382,4.182299,7.348969,3.691204,3.657765,7.54247,2.827831,4.714639,7.008845,3.04162,3.967225
1993,7.19797,3.070505,4.127465,7.056085,3.426287,3.629798,5.748577,2.713144,3.035433,5.86628,2.96965,2.89663
1994,6.665557,2.654457,4.011101,6.742022,2.986051,3.755971,7.447424,2.301016,5.146408,7.085181,2.5956,4.489581
1995,6.118268,2.264039,3.854229,6.370657,2.604791,3.765865,6.475541,2.316036,4.159505,6.57392,2.80542,3.7685
1996,5.742229,2.069184,3.673045,6.175984,2.48358,3.692404,5.874451,2.231969,3.642482,6.443532,2.93667,3.506862
1997,5.633207,2.030032,3.603175,6.199412,2.540299,3.659114,5.373158,2.151612,3.221546,6.35396,2.33757,4.01639
1998,5.208219,1.961901,3.246319,5.904485,2.571874,3.33261,4.366253,1.306661,3.059592,5.26288,1.54701,3.71587
1999,4.851491,1.847347,3.004144,5.624365,2.399053,3.225312,4.9102,1.463852,3.446348,5.646135,2.19314,3.452995
2000,4.549576,1.788797,2.760778,5.277271,2.307814,2.969457,4.985423,2.439076,2.546347,6.030279,3.36668,2.663599
2001,4.313205,1.795427,2.517779,4.979751,2.354957,2.624794,4.47251,1.824099,2.648411,5.020685,2.81663,2.204055
2002,4.204307,1.937603,2.266704,4.840609,2.614789,2.22582,3.978441,1.51416,2.464281,4.61308,1.59567,3.01741
2003,4.081983,2.065208,2.016775,4.719018,2.761781,1.957236,3.761045,1.822121,1.938924,4.01388,2.298,1.71588
2004,3.955435,2.103527,1.851908,4.519644,2.690906,1.828738,3.718567,2.198017,1.52055,4.27132,2.66757,1.60375
2005,3.791289,2.220101,1.571187,4.325869,2.833523,1.492346,3.603962,2.301894,1.302068,4.28888,3.36583,0.92305
2006,3.678098,1.973014,1.705084,4.133161,2.559804,1.573356,4.053935,2.357087,1.696847,4.795,3.22209,1.57291
2007,3.595713,1.942383,1.65333,4.019043,2.46581,1.553233,4.09959,2.707312,1.392278,4.634661,2.87055,1.764111
2008,3.480195,1.99988,1.480315,3.806232,2.53325,1.272982,3.323482,2.64012,0.683362,3.664263,3.81495,-0.150687
2009,3.263607,1.933425,1.330181,3.451169,2.348587,1.102582,3.186104,-0.215451,3.401555,3.26412,-0.32036,3.58448
2010,3.026747,1.777783,1.248964,3.101906,2.097713,1.004193,3.184351,1.607701,1.576651,3.21506,1.64004,1.57502
2011,2.697072,1.612689,1.084383,2.802606,1.917893,0.884713,2.909941,2.600497,0.309445,2.78164,3.13965,-0.35801
2012,2.443433,1.265111,1.178322,2.58461,1.390176,1.194434,2.087842,1.836711,0.251131,1.80344,2.07319,-0.26975
2013,2.165581,1.407055,0.758526,2.380798,1.616169,0.76463,2.39592,1.267593,1.128327,2.35016,1.46597,0.88419
2014,1.929108,1.431899,0.497209,2.254287,1.6874,0.566887,1.791865,1.551653,0.240211,2.53956,1.61181,0.92775
2015,1.77299,1.35379,0.4192,2.262624,1.58745,0.675174,1.548008,0.207073,1.340935,2.138287,0.12093,2.017357
2016,1.720515,1.273303,0.447212,2.339154,1.506493,0.832661,1.241137,0.778157,0.46298,1.83744,1.26159,0.57585
2017,1.585434,1.274445,0.310989,2.336953,1.514598,0.822355,1.529041,1.781607,-0.252566,2.32948,2.13866,0.19082
2018,2.793953,1.270424,1.531812,3.059119,1.495303,1.563816,1.817118,2.053735,-0.236617,2.84,2.44,0.4
